-- phpMyAdmin SQL Dump
-- version 5.2.1
-- https://www.phpmyadmin.net/
--
-- Host: 127.0.0.1
-- Generation Time: Jul 23, 2026 at 09:38 AM
-- Server version: 10.4.32-MariaDB
-- PHP Version: 8.0.30

SET SQL_MODE = "NO_AUTO_VALUE_ON_ZERO";
START TRANSACTION;
SET time_zone = "+00:00";


/*!40101 SET @OLD_CHARACTER_SET_CLIENT=@@CHARACTER_SET_CLIENT */;
/*!40101 SET @OLD_CHARACTER_SET_RESULTS=@@CHARACTER_SET_RESULTS */;
/*!40101 SET @OLD_COLLATION_CONNECTION=@@COLLATION_CONNECTION */;
/*!40101 SET NAMES utf8mb4 */;

--
-- Database: `ecommerce_db`
--

-- --------------------------------------------------------

--
-- Table structure for table `customers`
--

CREATE TABLE `customers` (
  `customer_id` int(11) NOT NULL,
  `name` varchar(100) NOT NULL,
  `email` varchar(100) NOT NULL,
  `phone` varchar(15) DEFAULT NULL,
  `created_at` datetime DEFAULT current_timestamp()
) ENGINE=InnoDB DEFAULT CHARSET=utf8mb4 COLLATE=utf8mb4_general_ci;

--
-- Dumping data for table `customers`
--

INSERT INTO `customers` (`customer_id`, `name`, `email`, `phone`, `created_at`) VALUES
(1, 'Thomas Owens', 'user1@example.com', '142-479-1945', '2024-10-14 16:01:12'),
(2, 'Charles Grant', 'user2@example.com', '9153947511', '2023-11-25 15:45:24'),
(3, 'Kaitlin Richards', 'user3@example.com', '2073473421', '2024-06-23 09:55:22'),
(4, 'Christina Williams', 'user4@example.com', '586-605-5061x06', '2024-10-27 17:19:38'),
(5, 'David Allen', 'user5@example.com', '(751)456-8289x1', '2023-10-29 02:43:00'),
(6, 'Mark Duke', 'user6@example.com', '(144)957-2811', '2024-06-24 03:22:59'),
(7, 'Briana Wright', 'user7@example.com', '223-833-9635', '2023-06-25 00:35:43'),
(8, 'John Bryan', 'user8@example.com', '045.568.0798x27', '2025-02-15 17:57:04'),
(9, 'Jason Thompson', 'user9@example.com', '1862659420', '2024-08-31 08:18:51'),
(10, 'Shawn Hill', 'user10@example.com', '(268)113-3152x7', '2023-12-14 20:46:43'),
(11, 'Walter Jenkins', 'user11@example.com', '536-329-0817x71', '2023-10-26 03:12:30'),
(12, 'Mary Knight', 'user12@example.com', '361-636-3802', '2023-08-16 20:05:50'),
(13, 'Leslie Wilson', 'user13@example.com', '+1-256-261-1984', '2024-06-06 20:12:35'),
(14, 'Deborah Arias', 'user14@example.com', '811-821-2144x97', '2024-04-24 00:27:28'),
(15, 'Austin Flores', 'user15@example.com', '329.901.1576x66', '2024-06-13 09:03:42'),
(16, 'Amy Landry', 'user16@example.com', '+1-278-019-3748', '2024-02-28 17:51:50'),
(17, 'Randy Mooney', 'user17@example.com', '(158)927-7313x3', '2023-09-21 13:23:02'),
(18, 'Jeffrey Bray', 'user18@example.com', '164.962.0222x92', '2024-07-02 19:51:55'),
(19, 'Amanda Bright', 'user19@example.com', '380.981.9798x69', '2024-12-20 22:58:15'),
(20, 'Megan Lee', 'user20@example.com', '7044478333', '2024-07-09 16:13:14'),
(21, 'Jessica Zamora', 'user21@example.com', '177-816-7773x00', '2023-11-11 04:46:03'),
(22, 'Peter Phillips', 'user22@example.com', '389-656-1695', '2025-05-22 06:12:06'),
(23, 'Kathryn Mathews', 'user23@example.com', '001-707-722-178', '2023-12-21 15:30:24'),
(24, 'Brandy Wright', 'user24@example.com', '853.520.8915x61', '2024-07-09 17:09:19'),
(25, 'Cindy Hart', 'user25@example.com', '617.574.8421x41', '2025-05-27 18:02:54'),
(26, 'Victoria Hall', 'user26@example.com', '926-840-0016', '2024-03-08 16:43:52'),
(27, 'Adrienne Green', 'user27@example.com', '530.644.8455x93', '2023-08-22 01:55:29'),
(28, 'Joseph Stuart', 'user28@example.com', '363-045-4287', '2023-09-14 05:52:25'),
(29, 'Kara Zavala', 'user29@example.com', '434-985-5776x61', '2023-09-27 15:57:09'),
(30, 'Victoria Acevedo', 'user30@example.com', '+1-325-063-7244', '2023-11-28 12:30:59');

-- --------------------------------------------------------

--
-- Table structure for table `orders`
--

CREATE TABLE `orders` (
  `order_id` int(11) NOT NULL,
  `customer_id` int(11) NOT NULL,
  `order_date` datetime DEFAULT current_timestamp(),
  `status` varchar(20) DEFAULT NULL,
  `total_amount` decimal(10,2) DEFAULT NULL
) ENGINE=InnoDB DEFAULT CHARSET=utf8mb4 COLLATE=utf8mb4_general_ci;

--
-- Dumping data for table `orders`
--

INSERT INTO `orders` (`order_id`, `customer_id`, `order_date`, `status`, `total_amount`) VALUES
(1, 20, '2025-03-02 07:20:11', 'Delivered', 9414.28),
(2, 18, '2024-10-09 18:08:21', 'Shipped', 532.20),
(3, 15, '2025-05-08 00:08:27', 'Cancelled', 5164.56),
(4, 11, '2024-09-19 22:16:13', 'Delivered', 9469.78),
(5, 12, '2025-04-08 18:02:06', 'Pending', 14501.86),
(6, 29, '2024-10-25 07:33:59', 'Cancelled', 31050.17),
(7, 22, '2024-07-29 11:58:47', 'Shipped', 3043.67),
(8, 19, '2024-07-30 22:49:49', 'Cancelled', 32714.06),
(9, 6, '2025-06-10 17:00:25', 'Pending', 24219.20),
(10, 28, '2025-02-16 12:45:59', 'Delivered', 24342.52),
(11, 25, '2025-03-11 14:22:46', 'Cancelled', 16196.13),
(12, 28, '2025-01-15 13:22:53', 'Shipped', 9890.72),
(13, 25, '2025-05-12 13:04:29', 'Cancelled', 9627.36),
(14, 1, '2024-09-24 21:21:38', 'Shipped', 15803.34),
(15, 29, '2024-07-18 03:18:24', 'Pending', 12421.88),
(16, 5, '2024-09-09 03:00:40', 'Shipped', 22856.73),
(17, 1, '2024-08-19 21:17:57', 'Pending', 11173.77),
(18, 13, '2024-06-15 12:57:04', 'Cancelled', 32001.24),
(19, 29, '2024-07-06 15:28:24', 'Cancelled', 843.46),
(20, 20, '2024-08-24 04:48:37', 'Delivered', 6400.68),
(21, 22, '2025-03-12 18:53:46', 'Pending', 25364.11),
(22, 20, '2025-02-21 11:21:06', 'Shipped', 21281.44),
(23, 25, '2025-03-02 14:33:23', 'Delivered', 18045.05),
(24, 6, '2024-06-19 07:09:04', 'Pending', 22882.19),
(25, 17, '2024-07-24 12:56:24', 'Pending', 23749.66),
(26, 24, '2025-02-16 23:16:49', 'Delivered', 35167.92),
(27, 17, '2024-11-22 03:14:09', 'Cancelled', 2955.57),
(28, 16, '2024-10-19 18:28:48', 'Delivered', 639.43),
(29, 7, '2025-02-17 18:03:18', 'Delivered', 26308.25),
(30, 23, '2024-10-18 13:37:49', 'Delivered', 18628.74),
(31, 14, '2024-12-30 17:26:39', 'Pending', 22651.79),
(32, 15, '2024-10-20 06:47:38', 'Pending', 23536.35),
(33, 8, '2025-04-27 01:26:11', 'Pending', 36147.09),
(34, 29, '2025-05-09 22:20:31', 'Shipped', 21148.44),
(35, 12, '2024-11-27 21:54:39', 'Shipped', 9469.78),
(36, 25, '2024-07-08 07:43:18', 'Cancelled', 34125.89),
(37, 12, '2025-05-10 22:33:42', 'Cancelled', 639.43),
(38, 30, '2024-07-05 16:35:13', 'Shipped', 14681.26),
(39, 30, '2024-10-11 05:40:05', 'Shipped', 15439.15),
(40, 26, '2024-09-11 08:45:47', 'Shipped', 24649.49),
(41, 20, '2024-07-04 00:39:14', 'Delivered', 723.97),
(42, 3, '2025-05-25 05:16:38', 'Cancelled', 21622.22),
(43, 24, '2024-11-03 08:03:34', 'Shipped', 19045.53),
(44, 12, '2024-11-23 18:49:55', 'Cancelled', 17686.50),
(45, 19, '2024-07-21 11:17:43', 'Pending', 27016.65),
(46, 29, '2025-02-24 13:37:37', 'Pending', 24408.08),
(47, 29, '2025-03-24 08:04:48', 'Delivered', 1016.68),
(48, 28, '2025-02-22 07:02:55', 'Shipped', 28719.50),
(49, 28, '2024-11-03 22:02:05', 'Cancelled', 23353.47),
(50, 6, '2024-09-04 14:45:56', 'Delivered', 14204.67),
(51, 16, '2024-07-16 04:49:33', 'Shipped', 24811.55),
(52, 30, '2025-01-15 13:59:48', 'Pending', 30529.35),
(53, 25, '2025-02-20 04:31:10', 'Pending', 7125.00),
(54, 19, '2024-10-15 18:58:22', 'Shipped', 7198.10),
(55, 24, '2024-08-05 04:30:46', 'Delivered', 26001.31),
(56, 2, '2024-06-23 15:59:57', 'Pending', 6828.61),
(57, 16, '2025-04-16 09:03:36', 'Cancelled', 2680.68),
(58, 20, '2024-09-09 04:25:51', 'Shipped', 9782.58),
(59, 9, '2025-04-27 05:05:18', 'Shipped', 857.85),
(60, 8, '2025-05-05 21:28:11', 'Pending', 9246.62),
(61, 1, '2024-12-26 23:21:58', 'Shipped', 13053.00),
(62, 10, '2025-06-13 23:21:01', 'Cancelled', 35723.17),
(63, 3, '2025-02-04 01:37:01', 'Shipped', 36236.03),
(64, 16, '2024-12-20 10:48:53', 'Pending', 24892.90),
(65, 26, '2025-01-23 10:54:01', 'Shipped', 3964.64),
(66, 27, '2024-06-19 09:41:16', 'Pending', 26176.05),
(67, 8, '2025-01-15 02:13:24', 'Delivered', 21146.47),
(68, 24, '2025-03-15 07:27:20', 'Delivered', 36159.92),
(69, 10, '2024-12-29 23:37:31', 'Cancelled', 18042.82),
(70, 17, '2024-11-21 19:08:57', 'Cancelled', 8827.36),
(71, 21, '2025-05-10 17:38:27', 'Delivered', 19189.46),
(72, 7, '2024-12-07 18:28:02', 'Pending', 4160.45),
(73, 28, '2024-12-19 15:20:25', 'Delivered', 20819.95),
(74, 11, '2024-08-25 12:46:45', 'Shipped', 18915.11),
(75, 29, '2024-09-06 18:29:10', 'Delivered', 15875.36),
(76, 1, '2025-01-14 22:59:54', 'Pending', 23506.81),
(77, 24, '2024-11-10 05:58:27', 'Cancelled', 22046.32),
(78, 4, '2025-01-05 13:56:42', 'Cancelled', 20246.47),
(79, 14, '2025-03-04 00:27:36', 'Cancelled', 16942.23),
(80, 12, '2025-03-28 18:42:12', 'Delivered', 38656.26),
(81, 21, '2024-08-04 03:42:29', 'Shipped', 21158.45),
(82, 25, '2025-04-12 02:38:42', 'Shipped', 31627.15),
(83, 5, '2025-06-04 21:29:11', 'Shipped', 8745.98),
(84, 28, '2024-06-19 23:41:28', 'Cancelled', 19007.10),
(85, 21, '2024-06-24 22:39:44', 'Cancelled', 22275.02),
(86, 12, '2024-07-05 14:46:34', 'Cancelled', 5157.42),
(87, 4, '2025-03-08 02:01:16', 'Pending', 14479.67),
(88, 17, '2024-07-06 00:18:44', 'Shipped', 20399.23),
(89, 8, '2024-09-03 21:10:22', 'Shipped', 4398.66),
(90, 13, '2025-01-18 23:39:59', 'Delivered', 1970.38),
(91, 15, '2024-12-07 06:59:51', 'Pending', 27466.27),
(92, 1, '2024-09-26 11:33:58', 'Shipped', 834.75),
(93, 22, '2024-08-14 04:59:45', 'Delivered', 16683.36),
(94, 14, '2025-03-05 01:04:51', 'Cancelled', 19135.47),
(95, 7, '2024-11-09 14:36:43', 'Pending', 18138.80),
(96, 6, '2025-01-10 04:00:48', 'Shipped', 1537.38),
(97, 15, '2024-10-25 12:34:59', 'Pending', 11891.01),
(98, 28, '2024-11-21 20:34:53', 'Delivered', 29744.18),
(99, 5, '2024-10-08 13:16:24', 'Pending', 1669.50),
(100, 14, '2024-09-12 18:48:15', 'Cancelled', 20490.85),
(101, 9, '2024-08-12 20:19:14', 'Delivered', 4590.28),
(102, 8, '2025-02-09 11:54:23', 'Shipped', 10497.44),
(103, 22, '2024-07-09 11:07:23', 'Shipped', 5005.51),
(104, 30, '2024-11-23 09:00:53', 'Pending', 23699.22),
(105, 14, '2024-08-12 07:47:18', 'Shipped', 5489.17),
(106, 6, '2024-07-16 16:57:13', 'Pending', 11486.99),
(107, 14, '2025-02-01 02:02:18', 'Shipped', 48042.06),
(108, 25, '2025-02-07 10:03:12', 'Cancelled', 31063.66),
(109, 1, '2025-03-17 04:56:18', 'Shipped', 12190.14),
(110, 16, '2025-02-21 12:03:01', 'Shipped', 19306.22),
(111, 25, '2024-09-30 11:16:13', 'Pending', 5388.41),
(112, 21, '2024-11-10 22:28:41', 'Delivered', 15599.31),
(113, 10, '2024-10-30 02:18:15', 'Pending', 20866.68),
(114, 9, '2025-01-30 16:04:45', 'Delivered', 15356.31),
(115, 22, '2025-03-02 18:11:45', 'Cancelled', 25414.53),
(116, 16, '2025-01-06 16:58:57', 'Pending', 14440.93),
(117, 13, '2025-05-12 18:01:32', 'Shipped', 8197.24),
(118, 8, '2025-04-30 12:58:05', 'Pending', 10193.09),
(119, 29, '2024-10-13 03:57:20', 'Pending', 2171.91),
(120, 28, '2024-08-07 09:48:38', 'Delivered', 13569.30),
(121, 16, '2024-11-21 16:50:01', 'Pending', 37415.67),
(122, 23, '2025-03-29 08:35:36', 'Delivered', 12962.29),
(123, 16, '2024-12-07 17:13:27', 'Shipped', 30071.03),
(124, 20, '2025-04-10 14:29:25', 'Cancelled', 10906.44),
(125, 20, '2025-02-26 17:07:37', 'Pending', 1447.94),
(126, 5, '2024-08-24 03:09:48', 'Cancelled', 9995.54),
(127, 1, '2025-06-10 18:01:32', 'Pending', 20160.64),
(128, 7, '2025-05-05 16:49:18', 'Pending', 28589.04),
(129, 29, '2025-06-06 21:11:17', 'Delivered', 30752.72),
(130, 15, '2024-09-16 14:27:38', 'Cancelled', 14554.16),
(131, 5, '2024-10-09 02:55:45', 'Pending', 23329.06),
(132, 10, '2025-05-22 08:18:17', 'Cancelled', 13537.48),
(133, 11, '2024-11-20 00:44:46', 'Shipped', 37129.82),
(134, 3, '2025-06-09 13:59:27', 'Pending', 15483.53),
(135, 1, '2025-03-11 22:58:23', 'Pending', 8891.79),
(136, 17, '2024-12-31 23:08:48', 'Cancelled', 6291.38),
(137, 19, '2025-02-09 17:12:40', 'Cancelled', 5958.51),
(138, 23, '2024-08-08 23:47:26', 'Pending', 15439.86),
(139, 18, '2025-04-13 20:12:26', 'Delivered', 39857.19),
(140, 16, '2024-06-23 20:35:54', 'Cancelled', 33436.86),
(141, 20, '2024-08-13 23:51:03', 'Shipped', 14625.43),
(142, 17, '2024-06-30 23:28:32', 'Shipped', 12051.03),
(143, 24, '2025-05-28 09:38:03', 'Delivered', 30951.54),
(144, 1, '2024-09-19 09:18:22', 'Shipped', 12093.54),
(145, 5, '2024-08-28 20:38:44', 'Cancelled', 10387.06),
(146, 21, '2025-02-18 00:40:49', 'Cancelled', 19098.17),
(147, 30, '2025-03-11 15:03:24', 'Pending', 22594.47),
(148, 5, '2024-09-26 10:47:57', 'Delivered', 34099.39),
(149, 4, '2025-02-18 00:29:01', 'Cancelled', 12420.50),
(150, 20, '2024-11-27 21:57:09', 'Shipped', 22538.79),
(151, 3, '2025-04-06 20:44:39', 'Cancelled', 13798.34),
(152, 12, '2025-03-08 00:31:14', 'Shipped', 7750.36),
(153, 29, '2024-12-18 11:55:04', 'Delivered', 12190.14),
(154, 3, '2024-08-13 23:43:52', 'Pending', 6138.46),
(155, 15, '2024-08-02 10:04:03', 'Pending', 421.73),
(156, 19, '2025-04-22 00:16:44', 'Delivered', 4734.89),
(157, 13, '2025-02-04 20:26:45', 'Cancelled', 14441.04),
(158, 7, '2024-09-27 00:47:34', 'Delivered', 4021.02),
(159, 29, '2024-07-23 05:22:41', 'Cancelled', 25595.89),
(160, 18, '2024-06-20 16:15:08', 'Delivered', 28077.66),
(161, 16, '2025-03-07 18:53:09', 'Delivered', 10254.61),
(162, 13, '2024-08-17 15:31:25', 'Shipped', 1802.74),
(163, 20, '2024-12-23 13:36:43', 'Shipped', 6336.99),
(164, 18, '2024-11-02 00:27:02', 'Pending', 25354.04),
(165, 24, '2025-01-23 00:20:59', 'Shipped', 16503.38),
(166, 14, '2025-06-09 06:26:55', 'Pending', 14925.84),
(167, 19, '2025-04-07 13:33:15', 'Delivered', 1537.38),
(168, 12, '2025-01-25 06:54:31', 'Cancelled', 26688.78),
(169, 2, '2025-02-11 04:04:38', 'Cancelled', 9426.30),
(170, 27, '2025-04-10 20:35:21', 'Delivered', 18568.69),
(171, 13, '2024-10-16 21:48:23', 'Delivered', 1278.86),
(172, 6, '2024-09-17 03:06:14', 'Shipped', 16661.54),
(173, 19, '2025-06-13 10:58:21', 'Shipped', 6875.62),
(174, 19, '2024-09-30 11:32:38', 'Cancelled', 35676.00),
(175, 30, '2024-06-21 00:47:44', 'Shipped', 15372.41),
(176, 7, '2025-03-15 01:52:25', 'Delivered', 1429.45),
(177, 22, '2025-03-21 17:31:33', 'Cancelled', 18138.37),
(178, 5, '2024-10-25 21:30:11', 'Pending', 23350.80),
(179, 5, '2024-08-05 15:33:32', 'Delivered', 16419.52),
(180, 6, '2024-06-21 17:29:54', 'Shipped', 2680.68),
(181, 22, '2025-04-17 07:33:14', 'Shipped', 4313.18),
(182, 9, '2024-08-16 16:28:37', 'Cancelled', 6356.42),
(183, 25, '2024-08-18 08:19:58', 'Shipped', 26833.57),
(184, 25, '2025-01-19 02:29:49', 'Delivered', 25007.76),
(185, 21, '2025-05-23 21:01:32', 'Delivered', 19797.69),
(186, 23, '2024-12-11 02:17:28', 'Delivered', 25725.31),
(187, 14, '2024-10-13 02:08:57', 'Delivered', 24962.90),
(188, 4, '2024-10-30 15:44:15', 'Pending', 11186.49),
(189, 25, '2024-12-17 18:53:05', 'Shipped', 40872.29),
(190, 19, '2025-03-23 21:57:30', 'Shipped', 4168.08),
(191, 28, '2024-12-29 06:34:30', 'Pending', 3543.58),
(192, 17, '2024-11-18 13:53:50', 'Shipped', 26225.28),
(193, 16, '2025-01-15 18:31:40', 'Delivered', 23707.29),
(194, 6, '2024-09-23 13:29:00', 'Shipped', 296.17),
(195, 21, '2025-03-05 19:38:15', 'Cancelled', 857.85),
(196, 21, '2025-02-07 10:13:15', 'Shipped', 24096.64),
(197, 30, '2024-08-20 23:13:44', 'Shipped', 10668.23),
(198, 22, '2024-11-11 00:17:56', 'Delivered', 36504.68),
(199, 30, '2024-06-18 19:01:34', 'Delivered', 4993.36),
(200, 27, '2024-10-14 06:47:13', 'Delivered', 19065.76),
(201, 23, '2025-05-21 21:53:39', 'Shipped', 21443.02),
(202, 3, '2024-07-12 09:10:32', 'Delivered', 2529.51),
(203, 30, '2024-12-20 17:04:55', 'Cancelled', 28369.14),
(204, 20, '2025-02-27 08:49:23', 'Delivered', 7717.75),
(205, 10, '2024-08-24 10:25:37', 'Shipped', 8126.76),
(206, 22, '2024-08-29 10:07:55', 'Delivered', 21372.85),
(207, 22, '2025-02-07 15:11:33', 'Pending', 5394.18),
(208, 7, '2024-06-20 02:14:47', 'Pending', 9469.78),
(209, 2, '2024-10-16 10:07:48', 'Shipped', 7690.62),
(210, 24, '2024-10-16 21:55:56', 'Delivered', 28853.75),
(211, 9, '2025-05-30 11:30:31', 'Pending', 11186.49),
(212, 24, '2025-04-13 14:26:50', 'Pending', 1188.33),
(213, 5, '2024-09-23 17:39:45', 'Delivered', 9046.20),
(214, 28, '2024-08-06 22:09:21', 'Pending', 28031.01),
(215, 10, '2024-10-18 12:45:59', 'Delivered', 28056.77),
(216, 24, '2025-03-22 09:07:31', 'Delivered', 28524.05),
(217, 14, '2024-08-31 22:05:41', 'Delivered', 31469.34),
(218, 29, '2024-12-22 21:57:36', 'Delivered', 26218.37),
(219, 12, '2024-09-29 23:24:55', 'Cancelled', 21322.74),
(220, 9, '2024-12-07 07:59:17', 'Cancelled', 17287.19),
(221, 1, '2024-09-25 05:49:39', 'Pending', 12437.61),
(222, 18, '2024-09-18 16:41:38', 'Delivered', 23628.52),
(223, 2, '2024-11-25 01:32:18', 'Cancelled', 41020.75),
(224, 19, '2024-12-12 16:18:37', 'Pending', 9000.15),
(225, 29, '2024-10-04 11:15:50', 'Delivered', 41885.52),
(226, 28, '2024-08-29 04:57:36', 'Delivered', 4523.10),
(227, 5, '2025-03-28 06:57:04', 'Cancelled', 18487.65),
(228, 15, '2024-10-14 02:15:47', 'Delivered', 14405.34),
(229, 17, '2024-11-22 13:58:31', 'Delivered', 21570.92),
(230, 2, '2024-07-25 22:19:17', 'Pending', 22655.32),
(231, 14, '2025-06-06 18:09:21', 'Cancelled', 27402.85),
(232, 2, '2025-05-02 17:14:21', 'Cancelled', 9583.84),
(233, 23, '2024-10-22 04:42:05', 'Cancelled', 19486.54),
(234, 3, '2024-09-03 01:27:05', 'Cancelled', 18473.60),
(235, 13, '2024-12-06 13:48:45', 'Cancelled', 16888.03),
(236, 29, '2025-04-09 06:18:13', 'Delivered', 20296.56),
(237, 22, '2025-01-07 22:12:14', 'Shipped', 21819.19),
(238, 10, '2024-07-30 13:52:58', 'Cancelled', 26142.33),
(239, 8, '2025-05-15 15:45:25', 'Pending', 30576.99),
(240, 3, '2025-01-18 04:01:22', 'Delivered', 11267.39),
(241, 11, '2024-12-06 23:17:56', 'Cancelled', 4180.23),
(242, 22, '2025-03-19 01:37:25', 'Shipped', 16976.89),
(243, 15, '2024-12-19 09:20:09', 'Delivered', 40510.54),
(244, 11, '2025-03-01 20:21:03', 'Cancelled', 16733.86),
(245, 30, '2024-07-26 13:46:40', 'Pending', 2496.68),
(246, 8, '2024-09-09 10:34:44', 'Pending', 19441.36),
(247, 17, '2025-03-15 04:29:15', 'Shipped', 7916.30),
(248, 2, '2025-06-06 14:36:15', 'Pending', 9829.50),
(249, 5, '2025-03-28 12:11:07', 'Pending', 28575.10),
(250, 24, '2025-04-08 11:53:07', 'Shipped', 33000.22),
(251, 10, '2024-10-22 17:37:58', 'Delivered', 20263.22),
(252, 15, '2025-05-20 03:23:23', 'Cancelled', 26734.02),
(253, 23, '2024-12-30 09:13:30', 'Shipped', 10872.30),
(254, 19, '2025-01-25 19:44:44', 'Shipped', 9701.84),
(255, 7, '2025-01-01 12:17:20', 'Cancelled', 8336.16),
(256, 17, '2025-06-08 16:15:49', 'Delivered', 40944.10),
(257, 17, '2024-12-23 14:47:53', 'Delivered', 11285.23),
(258, 26, '2025-04-18 05:53:20', 'Pending', 38836.44),
(259, 30, '2025-04-30 17:37:58', 'Cancelled', 12043.33),
(260, 18, '2025-01-30 04:51:30', 'Delivered', 20012.07),
(261, 6, '2025-02-11 04:22:55', 'Delivered', 1447.94),
(262, 22, '2024-07-27 19:53:08', 'Cancelled', 3875.18),
(263, 21, '2024-10-05 15:53:15', 'Pending', 5101.94),
(264, 17, '2024-11-10 14:31:30', 'Delivered', 22179.72),
(265, 12, '2025-05-31 05:39:36', 'Cancelled', 13016.70),
(266, 5, '2025-03-21 21:25:00', 'Delivered', 39921.78),
(267, 23, '2024-07-03 02:51:59', 'Shipped', 33419.96),
(268, 14, '2024-11-02 12:59:33', 'Cancelled', 15422.53),
(269, 26, '2024-12-16 10:35:19', 'Pending', 9414.28),
(270, 13, '2024-09-20 00:53:33', 'Pending', 29673.12),
(271, 6, '2025-01-06 20:40:17', 'Cancelled', 10972.29),
(272, 14, '2025-01-11 20:45:37', 'Shipped', 24574.22),
(273, 26, '2025-05-04 06:29:46', 'Pending', 20528.80),
(274, 4, '2024-09-23 00:44:43', 'Delivered', 20124.38),
(275, 30, '2024-08-08 15:47:05', 'Pending', 15495.63),
(276, 24, '2025-04-10 01:46:41', 'Delivered', 23080.38),
(277, 30, '2025-05-06 23:14:52', 'Cancelled', 18188.67),
(278, 1, '2025-02-01 20:05:38', 'Delivered', 32015.16),
(279, 20, '2025-02-12 23:33:09', 'Pending', 27437.94),
(280, 5, '2025-05-08 18:27:24', 'Cancelled', 15619.88),
(281, 3, '2024-11-08 07:40:55', 'Shipped', 41679.11),
(282, 22, '2025-04-19 08:16:19', 'Shipped', 26969.05),
(283, 2, '2025-03-22 17:37:20', 'Delivered', 14493.79),
(284, 14, '2024-09-18 00:19:56', 'Cancelled', 27770.12),
(285, 28, '2024-09-19 11:48:07', 'Pending', 30722.49),
(286, 15, '2025-06-11 08:36:00', 'Pending', 26952.09),
(287, 12, '2024-09-21 18:49:15', 'Shipped', 14763.96),
(288, 7, '2024-12-23 16:33:48', 'Cancelled', 5295.87),
(289, 30, '2024-08-22 18:51:11', 'Cancelled', 985.19),
(290, 4, '2024-11-26 09:05:40', 'Shipped', 15135.69),
(291, 26, '2024-12-16 03:44:54', 'Cancelled', 14646.15),
(292, 16, '2024-10-31 23:12:08', 'Cancelled', 9582.36),
(293, 27, '2024-07-25 10:45:16', 'Shipped', 18184.99),
(294, 3, '2025-03-17 03:14:03', 'Cancelled', 13240.61),
(295, 18, '2024-11-29 14:48:45', 'Shipped', 33872.19),
(296, 9, '2025-03-10 02:31:53', 'Pending', 5260.77),
(297, 21, '2025-01-06 09:55:18', 'Delivered', 19631.91),
(298, 25, '2025-06-06 05:28:08', 'Pending', 20011.26),
(299, 11, '2025-04-02 20:25:42', 'Shipped', 30321.27),
(300, 29, '2025-05-04 21:08:27', 'Delivered', 41322.58),
(301, 21, '2024-07-08 05:33:36', 'Cancelled', 8591.32),
(302, 3, '2024-11-19 18:46:17', 'Delivered', 3282.54),
(303, 30, '2025-05-05 23:51:29', 'Cancelled', 31523.38),
(304, 20, '2024-09-23 18:39:49', 'Shipped', 16291.08),
(305, 14, '2025-01-09 07:05:51', 'Pending', 24633.46),
(306, 3, '2025-03-03 04:57:05', 'Delivered', 14702.63),
(307, 6, '2024-07-26 01:48:24', 'Shipped', 8776.60),
(308, 14, '2025-06-11 03:03:58', 'Cancelled', 36411.35),
(309, 29, '2024-09-13 13:25:58', 'Delivered', 43867.08),
(310, 7, '2024-10-30 16:32:34', 'Shipped', 20034.78),
(311, 15, '2024-11-24 05:36:18', 'Delivered', 8488.18),
(312, 18, '2025-04-02 07:59:51', 'Shipped', 16231.58),
(313, 25, '2025-06-09 19:00:34', 'Cancelled', 24245.67),
(314, 10, '2025-03-13 08:49:00', 'Pending', 7713.77),
(315, 2, '2025-01-27 15:23:27', 'Cancelled', 42056.04),
(316, 24, '2024-10-04 13:56:29', 'Cancelled', 27863.48),
(317, 20, '2024-10-03 16:06:37', 'Delivered', 5007.28),
(318, 3, '2025-02-18 22:03:37', 'Shipped', 13886.38),
(319, 2, '2025-04-22 19:16:07', 'Delivered', 1024.92),
(320, 22, '2025-03-18 16:45:15', 'Shipped', 7005.24),
(321, 13, '2025-04-11 12:31:19', 'Pending', 23590.16),
(322, 8, '2024-08-17 11:15:19', 'Delivered', 17090.84),
(323, 29, '2025-02-03 02:17:52', 'Pending', 24962.31),
(324, 19, '2025-03-03 01:47:33', 'Pending', 19188.81),
(325, 20, '2024-10-31 09:03:34', 'Cancelled', 16090.75),
(326, 21, '2024-12-11 04:13:11', 'Cancelled', 11783.59),
(327, 20, '2025-05-05 23:49:05', 'Shipped', 39563.51),
(328, 4, '2025-01-29 16:09:58', 'Shipped', 4017.01),
(329, 2, '2025-03-19 10:36:50', 'Delivered', 31387.01),
(330, 6, '2025-01-10 15:50:45', 'Pending', 39003.19),
(331, 17, '2025-02-24 20:51:51', 'Cancelled', 3728.83),
(332, 25, '2025-02-24 01:50:37', 'Delivered', 23648.72),
(333, 6, '2024-12-07 06:42:00', 'Delivered', 30371.42),
(334, 2, '2025-01-27 04:14:50', 'Delivered', 27857.86),
(335, 2, '2024-08-29 05:53:29', 'Pending', 11713.56),
(336, 20, '2025-02-14 17:48:02', 'Pending', 13868.44),
(337, 13, '2025-03-30 21:18:06', 'Cancelled', 7768.73),
(338, 3, '2024-08-14 16:00:13', 'Shipped', 2317.96),
(339, 17, '2025-05-02 11:07:01', 'Pending', 20278.23),
(340, 13, '2025-04-23 04:38:56', 'Cancelled', 177.40),
(341, 8, '2024-06-25 08:24:02', 'Cancelled', 5963.22),
(342, 3, '2025-05-04 15:33:55', 'Cancelled', 888.51),
(343, 27, '2025-04-18 07:00:17', 'Shipped', 20754.96),
(344, 15, '2025-05-18 07:23:16', 'Cancelled', 14093.33),
(345, 29, '2025-01-24 11:50:38', 'Shipped', 30411.52),
(346, 28, '2025-03-31 00:47:07', 'Pending', 9469.78),
(347, 29, '2024-09-18 15:00:39', 'Shipped', 1429.45),
(348, 9, '2024-12-29 18:35:10', 'Cancelled', 21414.44),
(349, 13, '2025-03-04 14:26:38', 'Pending', 14938.76),
(350, 19, '2024-11-19 12:57:46', 'Delivered', 11472.47),
(351, 25, '2025-03-04 12:57:30', 'Delivered', 21283.02),
(352, 4, '2024-07-29 13:07:30', 'Delivered', 14204.67),
(353, 18, '2025-02-27 04:35:19', 'Shipped', 12257.63),
(354, 15, '2025-01-16 12:29:16', 'Delivered', 14760.32),
(355, 10, '2025-03-24 20:50:05', 'Cancelled', 20291.05),
(356, 9, '2025-06-11 13:30:19', 'Pending', 11584.94),
(357, 16, '2024-10-23 10:57:20', 'Shipped', 6050.37),
(358, 28, '2025-01-27 01:54:12', 'Shipped', 4288.35),
(359, 10, '2024-06-30 21:32:49', 'Cancelled', 13569.30),
(360, 15, '2025-05-20 13:07:43', 'Pending', 29852.51),
(361, 6, '2024-12-15 03:08:06', 'Delivered', 2573.55),
(362, 29, '2024-07-09 14:37:21', 'Pending', 27540.77),
(363, 17, '2024-07-14 13:34:35', 'Shipped', 1016.68),
(364, 21, '2024-10-05 23:07:05', 'Delivered', 18410.90),
(365, 10, '2024-09-04 10:07:20', 'Shipped', 13569.30),
(366, 11, '2024-10-15 16:28:17', 'Shipped', 20054.80),
(367, 28, '2025-04-29 07:17:29', 'Pending', 33025.01),
(368, 30, '2024-11-13 12:51:48', 'Delivered', 34761.91),
(369, 3, '2024-09-04 02:09:09', 'Shipped', 33503.41),
(370, 16, '2025-01-31 05:25:11', 'Delivered', 22871.46),
(371, 27, '2025-02-07 10:02:47', 'Cancelled', 532.20),
(372, 7, '2024-10-10 21:32:16', 'Shipped', 18814.53),
(373, 19, '2024-09-11 14:32:08', 'Delivered', 29373.72),
(374, 16, '2025-01-30 18:04:50', 'Cancelled', 17291.69),
(375, 6, '2024-11-15 21:29:07', 'Shipped', 6911.65),
(376, 16, '2025-02-09 14:11:03', 'Pending', 1016.68),
(377, 2, '2025-03-14 23:03:23', 'Pending', 13580.06),
(378, 2, '2024-11-26 04:48:45', 'Pending', 10030.43),
(379, 1, '2025-03-22 15:57:58', 'Cancelled', 21586.89),
(380, 15, '2024-12-25 03:30:27', 'Shipped', 1669.50),
(381, 2, '2024-10-20 08:48:26', 'Shipped', 7087.16),
(382, 11, '2025-04-08 09:49:19', 'Cancelled', 16304.96),
(383, 6, '2024-07-05 13:30:29', 'Delivered', 18148.12),
(384, 23, '2024-12-26 20:11:34', 'Delivered', 9232.97),
(385, 24, '2025-02-28 21:31:55', 'Cancelled', 23042.67),
(386, 4, '2024-12-18 11:35:41', 'Cancelled', 25747.34),
(387, 27, '2024-07-20 11:57:57', 'Pending', 6155.64),
(388, 19, '2025-03-08 00:36:03', 'Pending', 17639.96),
(389, 11, '2025-01-01 08:16:36', 'Delivered', 20299.18),
(390, 7, '2025-06-06 16:22:38', 'Delivered', 18092.48),
(391, 3, '2024-12-28 05:20:03', 'Cancelled', 4733.08),
(392, 24, '2024-11-12 21:00:20', 'Shipped', 27858.02),
(393, 28, '2024-12-17 21:08:26', 'Pending', 44504.56),
(394, 2, '2025-06-05 18:39:21', 'Delivered', 18154.30),
(395, 9, '2025-02-11 06:20:16', 'Cancelled', 12331.34),
(396, 28, '2024-07-21 04:35:22', 'Pending', 35029.57),
(397, 10, '2024-11-10 15:30:55', 'Delivered', 26820.10),
(398, 17, '2024-11-07 14:52:53', 'Shipped', 13212.61),
(399, 17, '2025-02-08 16:59:16', 'Shipped', 19557.58),
(400, 7, '2024-10-22 17:42:29', 'Shipped', 5269.50);

-- --------------------------------------------------------

--
-- Table structure for table `order_items`
--

CREATE TABLE `order_items` (
  `order_item_id` int(11) NOT NULL,
  `order_id` int(11) NOT NULL,
  `product_id` int(11) NOT NULL,
  `quantity` int(11) NOT NULL,
  `item_price` decimal(10,2) NOT NULL
) ENGINE=InnoDB DEFAULT CHARSET=utf8mb4 COLLATE=utf8mb4_general_ci;

--
-- Dumping data for table `order_items`
--

INSERT INTO `order_items` (`order_item_id`, `order_id`, `product_id`, `quantity`, `item_price`) VALUES
(1, 1, 19, 2, 4707.14),
(2, 2, 6, 3, 177.40),
(3, 3, 9, 3, 985.19),
(4, 3, 23, 1, 2208.99),
(5, 4, 35, 2, 4734.89),
(6, 5, 19, 1, 4707.14),
(7, 5, 7, 2, 4897.36),
(8, 6, 7, 3, 4897.36),
(9, 6, 37, 1, 1429.45),
(10, 6, 15, 1, 723.97),
(11, 6, 35, 3, 4734.89),
(12, 7, 30, 1, 3043.67),
(13, 8, 10, 3, 4801.78),
(14, 8, 5, 3, 4722.66),
(15, 8, 31, 2, 2070.37),
(16, 9, 7, 3, 4897.36),
(17, 9, 44, 1, 396.11),
(18, 9, 30, 3, 3043.67),
(19, 10, 37, 3, 1429.45),
(20, 10, 1, 1, 639.43),
(21, 10, 7, 3, 4897.36),
(22, 10, 5, 1, 4722.66),
(23, 11, 1, 3, 639.43),
(24, 11, 4, 3, 4759.28),
(25, 12, 17, 2, 2496.68),
(26, 12, 7, 1, 4897.36),
(27, 13, 2, 2, 4813.68),
(28, 14, 16, 3, 1094.18),
(29, 14, 8, 3, 4173.60),
(30, 15, 33, 2, 4244.09),
(31, 15, 37, 1, 1429.45),
(32, 15, 50, 3, 834.75),
(33, 16, 38, 1, 4413.68),
(34, 16, 50, 1, 834.75),
(35, 16, 28, 2, 2414.93),
(36, 16, 48, 2, 4180.23),
(37, 16, 23, 2, 2208.99),
(38, 17, 32, 3, 2295.14),
(39, 17, 37, 3, 1429.45),
(40, 18, 19, 1, 4707.14),
(41, 18, 14, 3, 296.17),
(42, 18, 30, 3, 3043.67),
(43, 18, 41, 3, 4523.10),
(44, 18, 11, 2, 1852.64),
(45, 19, 36, 2, 421.73),
(46, 20, 13, 1, 2112.33),
(47, 20, 37, 3, 1429.45),
(48, 21, 19, 2, 4707.14),
(49, 21, 30, 1, 3043.67),
(50, 21, 33, 2, 4244.09),
(51, 21, 23, 2, 2208.99),
(52, 22, 11, 2, 1852.64),
(53, 22, 42, 2, 3875.18),
(54, 22, 14, 2, 296.17),
(55, 22, 49, 3, 3077.82),
(56, 23, 33, 1, 4244.09),
(57, 23, 2, 2, 4813.68),
(58, 23, 8, 1, 4173.60),
(59, 24, 34, 2, 1340.34),
(60, 24, 6, 1, 177.40),
(61, 24, 21, 3, 3845.31),
(62, 24, 33, 2, 4244.09),
(63, 25, 47, 3, 512.46),
(64, 25, 46, 2, 3728.83),
(65, 25, 9, 1, 985.19),
(66, 25, 36, 3, 421.73),
(67, 25, 22, 3, 4168.08),
(68, 26, 42, 3, 3875.18),
(69, 26, 18, 3, 3673.86),
(70, 26, 8, 3, 4173.60),
(71, 27, 9, 3, 985.19),
(72, 28, 1, 1, 639.43),
(73, 29, 45, 2, 3657.43),
(74, 29, 8, 2, 4173.60),
(75, 29, 21, 2, 3845.31),
(76, 29, 9, 3, 985.19),
(77, 30, 23, 3, 2208.99),
(78, 30, 9, 3, 985.19),
(79, 30, 41, 2, 4523.10),
(80, 31, 43, 3, 1398.26),
(81, 31, 47, 2, 512.46),
(82, 31, 21, 2, 3845.31),
(83, 31, 17, 1, 2496.68),
(84, 31, 28, 3, 2414.93),
(85, 32, 30, 3, 3043.67),
(86, 32, 10, 3, 4801.78),
(87, 33, 20, 1, 4398.66),
(88, 33, 19, 2, 4707.14),
(89, 33, 23, 3, 2208.99),
(90, 33, 45, 3, 3657.43),
(91, 33, 35, 1, 4734.89),
(92, 34, 8, 1, 4173.60),
(93, 34, 50, 2, 834.75),
(94, 34, 17, 3, 2496.68),
(95, 34, 44, 3, 396.11),
(96, 34, 23, 3, 2208.99),
(97, 35, 35, 2, 4734.89),
(98, 36, 12, 2, 4017.01),
(99, 36, 14, 1, 296.17),
(100, 36, 29, 1, 4160.45),
(101, 36, 30, 3, 3043.67),
(102, 36, 22, 3, 4168.08),
(103, 37, 1, 1, 639.43),
(104, 38, 24, 2, 3437.81),
(105, 38, 41, 1, 4523.10),
(106, 38, 16, 3, 1094.18),
(107, 39, 33, 1, 4244.09),
(108, 39, 37, 2, 1429.45),
(109, 39, 22, 2, 4168.08),
(110, 40, 24, 3, 3437.81),
(111, 40, 30, 2, 3043.67),
(112, 40, 9, 1, 985.19),
(113, 40, 4, 1, 4759.28),
(114, 40, 50, 3, 834.75),
(115, 41, 15, 1, 723.97),
(116, 42, 21, 3, 3845.31),
(117, 42, 42, 1, 3875.18),
(118, 42, 31, 3, 2070.37),
(119, 43, 11, 2, 1852.64),
(120, 43, 37, 2, 1429.45),
(121, 43, 29, 3, 4160.45),
(122, 44, 47, 2, 512.46),
(123, 44, 29, 3, 4160.45),
(124, 44, 48, 1, 4180.23),
(125, 45, 27, 3, 1016.68),
(126, 45, 2, 2, 4813.68),
(127, 45, 18, 2, 3673.86),
(128, 45, 23, 2, 2208.99),
(129, 45, 40, 3, 857.85),
(130, 46, 10, 2, 4801.78),
(131, 46, 23, 2, 2208.99),
(132, 46, 41, 2, 4523.10),
(133, 46, 34, 1, 1340.34),
(134, 47, 27, 1, 1016.68),
(135, 48, 41, 3, 4523.10),
(136, 48, 15, 2, 723.97),
(137, 48, 34, 2, 1340.34),
(138, 48, 18, 3, 3673.86),
(139, 49, 46, 1, 3728.83),
(140, 49, 1, 2, 639.43),
(141, 49, 49, 2, 3077.82),
(142, 49, 39, 3, 4063.38),
(143, 50, 35, 3, 4734.89),
(144, 51, 4, 3, 4759.28),
(145, 51, 30, 1, 3043.67),
(146, 51, 17, 3, 2496.68),
(147, 52, 34, 1, 1340.34),
(148, 52, 20, 2, 4398.66),
(149, 52, 32, 3, 2295.14),
(150, 52, 29, 3, 4160.45),
(151, 52, 47, 2, 512.46),
(152, 53, 32, 1, 2295.14),
(153, 53, 28, 2, 2414.93),
(154, 54, 3, 1, 2529.51),
(155, 54, 15, 3, 723.97),
(156, 54, 17, 1, 2496.68),
(157, 55, 10, 3, 4801.78),
(158, 55, 23, 3, 2208.99),
(159, 55, 47, 3, 512.46),
(160, 55, 27, 2, 1016.68),
(161, 55, 43, 1, 1398.26),
(162, 56, 38, 1, 4413.68),
(163, 56, 28, 1, 2414.93),
(164, 57, 34, 2, 1340.34),
(165, 58, 13, 2, 2112.33),
(166, 58, 11, 3, 1852.64),
(167, 59, 40, 1, 857.85),
(168, 60, 49, 1, 3077.82),
(169, 60, 6, 1, 177.40),
(170, 60, 9, 2, 985.19),
(171, 60, 34, 3, 1340.34),
(172, 61, 8, 3, 4173.60),
(173, 61, 6, 3, 177.40),
(174, 62, 42, 3, 3875.18),
(175, 62, 43, 3, 1398.26),
(176, 62, 27, 3, 1016.68),
(177, 62, 10, 1, 4801.78),
(178, 62, 12, 3, 4017.01),
(179, 63, 2, 3, 4813.68),
(180, 63, 19, 1, 4707.14),
(181, 63, 8, 3, 4173.60),
(182, 63, 31, 1, 2070.37),
(183, 63, 17, 1, 2496.68),
(184, 64, 16, 2, 1094.18),
(185, 64, 23, 2, 2208.99),
(186, 64, 33, 3, 4244.09),
(187, 64, 27, 3, 1016.68),
(188, 64, 50, 3, 834.75),
(189, 65, 32, 1, 2295.14),
(190, 65, 50, 2, 834.75),
(191, 66, 7, 1, 4897.36),
(192, 66, 8, 3, 4173.60),
(193, 66, 36, 1, 421.73),
(194, 66, 22, 2, 4168.08),
(195, 67, 40, 2, 857.85),
(196, 67, 3, 1, 2529.51),
(197, 67, 20, 3, 4398.66),
(198, 67, 11, 2, 1852.64),
(199, 68, 26, 1, 3502.62),
(200, 68, 10, 3, 4801.78),
(201, 68, 48, 2, 4180.23),
(202, 68, 16, 1, 1094.18),
(203, 68, 20, 2, 4398.66),
(204, 69, 38, 3, 4413.68),
(205, 69, 10, 1, 4801.78),
(206, 70, 38, 2, 4413.68),
(207, 71, 16, 3, 1094.18),
(208, 71, 48, 3, 4180.23),
(209, 71, 15, 2, 723.97),
(210, 71, 1, 3, 639.43),
(211, 72, 29, 1, 4160.45),
(212, 73, 24, 1, 3437.81),
(213, 73, 41, 1, 4523.10),
(214, 73, 22, 3, 4168.08),
(215, 73, 6, 2, 177.40),
(216, 74, 15, 1, 723.97),
(217, 74, 24, 2, 3437.81),
(218, 74, 46, 2, 3728.83),
(219, 74, 16, 2, 1094.18),
(220, 74, 50, 2, 834.75),
(221, 75, 10, 1, 4801.78),
(222, 75, 7, 2, 4897.36),
(223, 75, 1, 2, 639.43),
(224, 76, 30, 1, 3043.67),
(225, 76, 6, 2, 177.40),
(226, 76, 25, 2, 3543.58),
(227, 76, 4, 2, 4759.28),
(228, 76, 26, 1, 3502.62),
(229, 77, 29, 1, 4160.45),
(230, 77, 27, 3, 1016.68),
(231, 77, 48, 3, 4180.23),
(232, 77, 32, 1, 2295.14),
(233, 78, 7, 3, 4897.36),
(234, 78, 47, 3, 512.46),
(235, 78, 12, 1, 4017.01),
(236, 79, 23, 3, 2208.99),
(237, 79, 33, 1, 4244.09),
(238, 79, 3, 2, 2529.51),
(239, 79, 6, 1, 177.40),
(240, 79, 50, 1, 834.75),
(241, 80, 46, 3, 3728.83),
(242, 80, 42, 1, 3875.18),
(243, 80, 31, 3, 2070.37),
(244, 80, 24, 2, 3437.81),
(245, 80, 26, 3, 3502.62),
(246, 81, 5, 3, 4722.66),
(247, 81, 23, 1, 2208.99),
(248, 81, 1, 2, 639.43),
(249, 81, 26, 1, 3502.62),
(250, 82, 12, 2, 4017.01),
(251, 82, 20, 1, 4398.66),
(252, 82, 32, 1, 2295.14),
(253, 82, 29, 3, 4160.45),
(254, 82, 23, 2, 2208.99),
(255, 83, 18, 2, 3673.86),
(256, 83, 43, 1, 1398.26),
(257, 84, 8, 1, 4173.60),
(258, 84, 22, 2, 4168.08),
(259, 84, 23, 1, 2208.99),
(260, 84, 37, 3, 1429.45),
(261, 85, 24, 3, 3437.81),
(262, 85, 6, 1, 177.40),
(263, 85, 39, 2, 4063.38),
(264, 85, 45, 1, 3657.43),
(265, 86, 31, 2, 2070.37),
(266, 86, 27, 1, 1016.68),
(267, 87, 43, 1, 1398.26),
(268, 87, 40, 3, 857.85),
(269, 87, 26, 3, 3502.62),
(270, 88, 48, 1, 4180.23),
(271, 88, 30, 1, 3043.67),
(272, 88, 39, 3, 4063.38),
(273, 88, 9, 1, 985.19),
(274, 89, 20, 1, 4398.66),
(275, 90, 9, 2, 985.19),
(276, 91, 35, 1, 4734.89),
(277, 91, 33, 3, 4244.09),
(278, 91, 11, 1, 1852.64),
(279, 91, 42, 2, 3875.18),
(280, 91, 44, 1, 396.11),
(281, 92, 50, 1, 834.75),
(282, 93, 8, 2, 4173.60),
(283, 93, 22, 2, 4168.08),
(284, 94, 9, 2, 985.19),
(285, 94, 19, 3, 4707.14),
(286, 94, 30, 1, 3043.67),
(287, 95, 37, 1, 1429.45),
(288, 95, 19, 1, 4707.14),
(289, 95, 3, 3, 2529.51),
(290, 95, 38, 1, 4413.68),
(291, 96, 47, 3, 512.46),
(292, 97, 47, 3, 512.46),
(293, 97, 45, 1, 3657.43),
(294, 97, 28, 1, 2414.93),
(295, 97, 24, 1, 3437.81),
(296, 97, 36, 2, 421.73),
(297, 98, 26, 2, 3502.62),
(298, 98, 27, 2, 1016.68),
(299, 98, 34, 3, 1340.34),
(300, 98, 42, 3, 3875.18),
(301, 98, 3, 2, 2529.51),
(302, 99, 50, 2, 834.75),
(303, 100, 4, 2, 4759.28),
(304, 100, 45, 3, 3657.43),
(305, 101, 32, 2, 2295.14),
(306, 102, 29, 1, 4160.45),
(307, 102, 13, 3, 2112.33),
(308, 103, 23, 1, 2208.99),
(309, 103, 43, 2, 1398.26),
(310, 104, 7, 1, 4897.36),
(311, 104, 17, 3, 2496.68),
(312, 104, 25, 2, 3543.58),
(313, 104, 13, 2, 2112.33),
(314, 105, 47, 2, 512.46),
(315, 105, 14, 1, 296.17),
(316, 105, 22, 1, 4168.08),
(317, 106, 28, 2, 2414.93),
(318, 106, 17, 1, 2496.68),
(319, 106, 29, 1, 4160.45),
(320, 107, 25, 3, 3543.58),
(321, 107, 20, 3, 4398.66),
(322, 107, 28, 3, 2414.93),
(323, 107, 2, 3, 4813.68),
(324, 107, 3, 1, 2529.51),
(325, 108, 37, 1, 1429.45),
(326, 108, 4, 2, 4759.28),
(327, 108, 22, 3, 4168.08),
(328, 108, 8, 1, 4173.60),
(329, 108, 24, 1, 3437.81),
(330, 109, 39, 3, 4063.38),
(331, 110, 26, 1, 3502.62),
(332, 110, 10, 3, 4801.78),
(333, 110, 43, 1, 1398.26),
(334, 111, 37, 2, 1429.45),
(335, 111, 3, 1, 2529.51),
(336, 112, 39, 1, 4063.38),
(337, 112, 21, 3, 3845.31),
(338, 113, 22, 1, 4168.08),
(339, 113, 26, 1, 3502.62),
(340, 113, 20, 3, 4398.66),
(341, 114, 44, 3, 396.11),
(342, 114, 5, 3, 4722.66),
(343, 115, 20, 1, 4398.66),
(344, 115, 18, 3, 3673.86),
(345, 115, 50, 3, 834.75),
(346, 115, 17, 3, 2496.68),
(347, 116, 13, 3, 2112.33),
(348, 116, 20, 1, 4398.66),
(349, 116, 11, 2, 1852.64),
(350, 117, 48, 1, 4180.23),
(351, 117, 12, 1, 4017.01),
(352, 118, 38, 2, 4413.68),
(353, 118, 44, 3, 396.11),
(354, 118, 6, 1, 177.40),
(355, 119, 15, 3, 723.97),
(356, 120, 41, 3, 4523.10),
(357, 121, 33, 3, 4244.09),
(358, 121, 20, 2, 4398.66),
(359, 121, 7, 1, 4897.36),
(360, 121, 18, 1, 3673.86),
(361, 121, 45, 2, 3657.43),
(362, 122, 49, 3, 3077.82),
(363, 122, 46, 1, 3728.83),
(364, 123, 19, 3, 4707.14),
(365, 123, 38, 1, 4413.68),
(366, 123, 21, 3, 3845.31),
(367, 124, 32, 3, 2295.14),
(368, 124, 34, 3, 1340.34),
(369, 125, 15, 2, 723.97),
(370, 126, 45, 2, 3657.43),
(371, 126, 34, 2, 1340.34),
(372, 127, 1, 2, 639.43),
(373, 127, 46, 1, 3728.83),
(374, 127, 23, 2, 2208.99),
(375, 127, 36, 3, 421.73),
(376, 127, 35, 2, 4734.89),
(377, 128, 16, 1, 1094.18),
(378, 128, 43, 2, 1398.26),
(379, 128, 45, 2, 3657.43),
(380, 128, 26, 3, 3502.62),
(381, 128, 24, 2, 3437.81),
(382, 129, 15, 3, 723.97),
(383, 129, 18, 3, 3673.86),
(384, 129, 19, 3, 4707.14),
(385, 129, 24, 1, 3437.81),
(386, 130, 27, 2, 1016.68),
(387, 130, 8, 3, 4173.60),
(388, 131, 25, 1, 3543.58),
(389, 131, 28, 3, 2414.93),
(390, 131, 48, 3, 4180.23),
(391, 132, 27, 1, 1016.68),
(392, 132, 8, 3, 4173.60),
(393, 133, 10, 2, 4801.78),
(394, 133, 32, 2, 2295.14),
(395, 133, 48, 2, 4180.23),
(396, 133, 33, 2, 4244.09),
(397, 133, 30, 2, 3043.67),
(398, 134, 1, 2, 639.43),
(399, 134, 35, 3, 4734.89),
(400, 135, 31, 3, 2070.37),
(401, 135, 34, 2, 1340.34),
(402, 136, 3, 1, 2529.51),
(403, 136, 17, 1, 2496.68),
(404, 136, 36, 3, 421.73),
(405, 137, 25, 1, 3543.58),
(406, 137, 28, 1, 2414.93),
(407, 138, 37, 1, 1429.45),
(408, 138, 8, 1, 4173.60),
(409, 138, 29, 2, 4160.45),
(410, 138, 36, 1, 421.73),
(411, 138, 16, 1, 1094.18),
(412, 139, 43, 3, 1398.26),
(413, 139, 8, 2, 4173.60),
(414, 139, 3, 1, 2529.51),
(415, 139, 26, 3, 3502.62),
(416, 139, 4, 3, 4759.28),
(417, 140, 21, 2, 3845.31),
(418, 140, 2, 2, 4813.68),
(419, 140, 49, 3, 3077.82),
(420, 140, 32, 3, 2295.14),
(421, 141, 37, 1, 1429.45),
(422, 141, 20, 3, 4398.66),
(423, 142, 12, 3, 4017.01),
(424, 143, 25, 3, 3543.58),
(425, 143, 3, 3, 2529.51),
(426, 143, 33, 3, 4244.09),
(427, 144, 18, 1, 3673.86),
(428, 144, 34, 3, 1340.34),
(429, 144, 20, 1, 4398.66),
(430, 145, 7, 2, 4897.36),
(431, 145, 14, 2, 296.17),
(432, 146, 36, 1, 421.73),
(433, 146, 49, 2, 3077.82),
(434, 146, 8, 3, 4173.60),
(435, 147, 35, 2, 4734.89),
(436, 147, 11, 3, 1852.64),
(437, 147, 30, 1, 3043.67),
(438, 147, 41, 1, 4523.10),
(439, 148, 40, 3, 857.85),
(440, 148, 45, 1, 3657.43),
(441, 148, 21, 2, 3845.31),
(442, 148, 39, 2, 4063.38),
(443, 148, 12, 3, 4017.01),
(444, 149, 17, 3, 2496.68),
(445, 149, 49, 1, 3077.82),
(446, 149, 11, 1, 1852.64),
(447, 150, 5, 2, 4722.66),
(448, 150, 3, 1, 2529.51),
(449, 150, 16, 1, 1094.18),
(450, 150, 35, 2, 4734.89),
(451, 151, 43, 3, 1398.26),
(452, 151, 10, 2, 4801.78),
(453, 152, 42, 2, 3875.18),
(454, 153, 39, 3, 4063.38),
(455, 154, 22, 1, 4168.08),
(456, 154, 9, 2, 985.19),
(457, 155, 36, 1, 421.73),
(458, 156, 35, 1, 4734.89),
(459, 157, 2, 3, 4813.68),
(460, 158, 34, 3, 1340.34),
(461, 159, 41, 1, 4523.10),
(462, 159, 23, 3, 2208.99),
(463, 159, 21, 1, 3845.31),
(464, 159, 33, 2, 4244.09),
(465, 159, 13, 1, 2112.33),
(466, 160, 35, 3, 4734.89),
(467, 160, 18, 2, 3673.86),
(468, 160, 34, 3, 1340.34),
(469, 160, 50, 3, 834.75),
(470, 161, 50, 3, 834.75),
(471, 161, 42, 2, 3875.18),
(472, 162, 15, 2, 723.97),
(473, 162, 6, 2, 177.40),
(474, 163, 13, 3, 2112.33),
(475, 164, 49, 2, 3077.82),
(476, 164, 21, 3, 3845.31),
(477, 164, 24, 1, 3437.81),
(478, 164, 13, 2, 2112.33),
(479, 165, 45, 3, 3657.43),
(480, 165, 14, 1, 296.17),
(481, 165, 16, 1, 1094.18),
(482, 165, 31, 2, 2070.37),
(483, 166, 23, 2, 2208.99),
(484, 166, 26, 3, 3502.62),
(485, 167, 47, 3, 512.46),
(486, 168, 5, 3, 4722.66),
(487, 168, 8, 3, 4173.60),
(488, 169, 28, 1, 2414.93),
(489, 169, 16, 3, 1094.18),
(490, 169, 46, 1, 3728.83),
(491, 170, 29, 3, 4160.45),
(492, 170, 30, 2, 3043.67),
(493, 171, 1, 2, 639.43),
(494, 172, 31, 2, 2070.37),
(495, 172, 8, 3, 4173.60),
(496, 173, 24, 2, 3437.81),
(497, 174, 23, 1, 2208.99),
(498, 174, 43, 3, 1398.26),
(499, 174, 21, 1, 3845.31),
(500, 174, 10, 3, 4801.78),
(501, 174, 18, 3, 3673.86),
(502, 175, 12, 2, 4017.01),
(503, 175, 27, 3, 1016.68),
(504, 175, 37, 3, 1429.45),
(505, 176, 37, 1, 1429.45),
(506, 177, 30, 2, 3043.67),
(507, 177, 12, 3, 4017.01),
(508, 178, 3, 1, 2529.51),
(509, 178, 24, 3, 3437.81),
(510, 178, 26, 3, 3502.62),
(511, 179, 26, 2, 3502.62),
(512, 179, 19, 2, 4707.14),
(513, 180, 34, 2, 1340.34),
(514, 181, 12, 1, 4017.01),
(515, 181, 14, 1, 296.17),
(516, 182, 13, 1, 2112.33),
(517, 182, 33, 1, 4244.09),
(518, 183, 38, 3, 4413.68),
(519, 183, 31, 2, 2070.37),
(520, 183, 37, 2, 1429.45),
(521, 183, 3, 1, 2529.51),
(522, 183, 39, 1, 4063.38),
(523, 184, 32, 1, 2295.14),
(524, 184, 8, 1, 4173.60),
(525, 184, 30, 2, 3043.67),
(526, 184, 46, 3, 3728.83),
(527, 184, 36, 3, 421.73),
(528, 185, 40, 2, 857.85),
(529, 185, 16, 2, 1094.18),
(530, 185, 19, 1, 4707.14),
(531, 185, 46, 3, 3728.83),
(532, 186, 18, 2, 3673.86),
(533, 186, 9, 3, 985.19),
(534, 186, 27, 1, 1016.68),
(535, 186, 10, 3, 4801.78),
(536, 187, 6, 3, 177.40),
(537, 187, 21, 1, 3845.31),
(538, 187, 35, 1, 4734.89),
(539, 187, 17, 3, 2496.68),
(540, 187, 48, 2, 4180.23),
(541, 188, 46, 3, 3728.83),
(542, 189, 7, 2, 4897.36),
(543, 189, 50, 3, 834.75),
(544, 189, 5, 3, 4722.66),
(545, 189, 10, 3, 4801.78),
(546, 190, 22, 1, 4168.08),
(547, 191, 25, 1, 3543.58),
(548, 192, 24, 3, 3437.81),
(549, 192, 25, 1, 3543.58),
(550, 192, 7, 2, 4897.36),
(551, 192, 40, 3, 857.85),
(552, 193, 8, 3, 4173.60),
(553, 193, 46, 3, 3728.83),
(554, 194, 14, 1, 296.17),
(555, 195, 40, 1, 857.85),
(556, 196, 2, 1, 4813.68),
(557, 196, 24, 2, 3437.81),
(558, 196, 20, 2, 4398.66),
(559, 196, 49, 1, 3077.82),
(560, 196, 6, 3, 177.40),
(561, 197, 24, 3, 3437.81),
(562, 197, 6, 2, 177.40),
(563, 198, 17, 1, 2496.68),
(564, 198, 33, 2, 4244.09),
(565, 198, 46, 2, 3728.83),
(566, 198, 11, 3, 1852.64),
(567, 198, 22, 3, 4168.08),
(568, 199, 17, 2, 2496.68),
(569, 200, 24, 2, 3437.81),
(570, 200, 39, 3, 4063.38),
(571, 201, 22, 2, 4168.08),
(572, 201, 44, 3, 396.11),
(573, 201, 50, 3, 834.75),
(574, 201, 19, 2, 4707.14),
(575, 202, 3, 1, 2529.51),
(576, 203, 19, 1, 4707.14),
(577, 203, 25, 3, 3543.58),
(578, 203, 49, 2, 3077.82),
(579, 203, 24, 2, 3437.81),
(580, 204, 40, 1, 857.85),
(581, 204, 39, 1, 4063.38),
(582, 204, 43, 2, 1398.26),
(583, 205, 39, 2, 4063.38),
(584, 206, 30, 3, 3043.67),
(585, 206, 43, 2, 1398.26),
(586, 206, 5, 2, 4722.66),
(587, 207, 48, 1, 4180.23),
(588, 207, 44, 2, 396.11),
(589, 207, 36, 1, 421.73),
(590, 208, 35, 2, 4734.89),
(591, 209, 21, 2, 3845.31),
(592, 210, 37, 3, 1429.45),
(593, 210, 34, 3, 1340.34),
(594, 210, 19, 1, 4707.14),
(595, 210, 17, 3, 2496.68),
(596, 210, 8, 2, 4173.60),
(597, 211, 46, 3, 3728.83),
(598, 212, 44, 3, 396.11),
(599, 213, 41, 2, 4523.10),
(600, 214, 50, 1, 834.75),
(601, 214, 36, 1, 421.73),
(602, 214, 46, 1, 3728.83),
(603, 214, 24, 3, 3437.81),
(604, 214, 33, 3, 4244.09),
(605, 215, 46, 3, 3728.83),
(606, 215, 11, 3, 1852.64),
(607, 215, 18, 2, 3673.86),
(608, 215, 32, 1, 2295.14),
(609, 215, 50, 2, 834.75),
(610, 216, 33, 1, 4244.09),
(611, 216, 47, 2, 512.46),
(612, 216, 25, 3, 3543.58),
(613, 216, 32, 2, 2295.14),
(614, 216, 12, 2, 4017.01),
(615, 217, 21, 2, 3845.31),
(616, 217, 7, 1, 4897.36),
(617, 217, 30, 3, 3043.67),
(618, 217, 29, 2, 4160.45),
(619, 217, 37, 1, 1429.45),
(620, 218, 20, 3, 4398.66),
(621, 218, 3, 2, 2529.51),
(622, 218, 13, 3, 2112.33),
(623, 218, 16, 1, 1094.18),
(624, 218, 6, 3, 177.40),
(625, 219, 20, 3, 4398.66),
(626, 219, 39, 2, 4063.38),
(627, 220, 11, 3, 1852.64),
(628, 220, 31, 2, 2070.37),
(629, 220, 3, 3, 2529.51),
(630, 221, 18, 1, 3673.86),
(631, 221, 30, 1, 3043.67),
(632, 221, 35, 1, 4734.89),
(633, 221, 9, 1, 985.19),
(634, 222, 21, 1, 3845.31),
(635, 222, 24, 3, 3437.81),
(636, 222, 35, 2, 4734.89),
(637, 223, 37, 2, 1429.45),
(638, 223, 28, 2, 2414.93),
(639, 223, 12, 3, 4017.01),
(640, 223, 10, 3, 4801.78),
(641, 223, 24, 2, 3437.81),
(642, 224, 47, 3, 512.46),
(643, 224, 48, 1, 4180.23),
(644, 224, 16, 3, 1094.18),
(645, 225, 11, 2, 1852.64),
(646, 225, 38, 2, 4413.68),
(647, 225, 22, 3, 4168.08),
(648, 225, 33, 2, 4244.09),
(649, 225, 48, 2, 4180.23),
(650, 226, 41, 1, 4523.10),
(651, 227, 35, 1, 4734.89),
(652, 227, 27, 1, 1016.68),
(653, 227, 49, 3, 3077.82),
(654, 227, 26, 1, 3502.62),
(655, 228, 10, 3, 4801.78),
(656, 229, 43, 2, 1398.26),
(657, 229, 19, 2, 4707.14),
(658, 229, 50, 2, 834.75),
(659, 229, 21, 2, 3845.31),
(660, 230, 38, 3, 4413.68),
(661, 230, 19, 2, 4707.14),
(662, 231, 3, 3, 2529.51),
(663, 231, 29, 2, 4160.45),
(664, 231, 11, 1, 1852.64),
(665, 231, 36, 2, 421.73),
(666, 231, 20, 2, 4398.66),
(667, 232, 17, 1, 2496.68),
(668, 232, 25, 2, 3543.58),
(669, 233, 9, 1, 985.19),
(670, 233, 46, 3, 3728.83),
(671, 233, 45, 2, 3657.43),
(672, 234, 6, 3, 177.40),
(673, 234, 14, 2, 296.17),
(674, 234, 4, 1, 4759.28),
(675, 234, 25, 1, 3543.58),
(676, 234, 41, 2, 4523.10),
(677, 235, 27, 1, 1016.68),
(678, 235, 24, 3, 3437.81),
(679, 235, 11, 3, 1852.64),
(680, 236, 22, 1, 4168.08),
(681, 236, 50, 2, 834.75),
(682, 236, 1, 3, 639.43),
(683, 236, 48, 3, 4180.23),
(684, 237, 24, 3, 3437.81),
(685, 237, 49, 1, 3077.82),
(686, 237, 5, 1, 4722.66),
(687, 237, 11, 2, 1852.64),
(688, 238, 42, 2, 3875.18),
(689, 238, 45, 1, 3657.43),
(690, 238, 46, 2, 3728.83),
(691, 238, 23, 2, 2208.99),
(692, 238, 37, 2, 1429.45),
(693, 239, 3, 3, 2529.51),
(694, 239, 43, 2, 1398.26),
(695, 239, 1, 3, 639.43),
(696, 239, 46, 3, 3728.83),
(697, 239, 25, 2, 3543.58),
(698, 240, 48, 1, 4180.23),
(699, 240, 25, 2, 3543.58),
(700, 241, 48, 1, 4180.23),
(701, 242, 6, 2, 177.40),
(702, 242, 29, 3, 4160.45),
(703, 242, 31, 2, 2070.37),
(704, 243, 8, 3, 4173.60),
(705, 243, 35, 3, 4734.89),
(706, 243, 13, 2, 2112.33),
(707, 243, 31, 1, 2070.37),
(708, 243, 17, 3, 2496.68),
(709, 244, 33, 2, 4244.09),
(710, 244, 34, 3, 1340.34),
(711, 244, 13, 2, 2112.33),
(712, 245, 17, 1, 2496.68),
(713, 246, 20, 2, 4398.66),
(714, 246, 27, 1, 1016.68),
(715, 246, 2, 2, 4813.68),
(716, 247, 38, 1, 4413.68),
(717, 247, 26, 1, 3502.62),
(718, 248, 18, 1, 3673.86),
(719, 248, 49, 2, 3077.82),
(720, 249, 8, 1, 4173.60),
(721, 249, 3, 2, 2529.51),
(722, 249, 18, 3, 3673.86),
(723, 249, 29, 2, 4160.45),
(724, 250, 48, 3, 4180.23),
(725, 250, 44, 2, 396.11),
(726, 250, 7, 2, 4897.36),
(727, 250, 28, 1, 2414.93),
(728, 250, 46, 2, 3728.83),
(729, 251, 20, 2, 4398.66),
(730, 251, 24, 2, 3437.81),
(731, 251, 32, 2, 2295.14),
(732, 252, 35, 2, 4734.89),
(733, 252, 37, 2, 1429.45),
(734, 252, 10, 3, 4801.78),
(735, 253, 19, 1, 4707.14),
(736, 253, 43, 3, 1398.26),
(737, 253, 9, 2, 985.19),
(738, 254, 6, 1, 177.40),
(739, 254, 10, 1, 4801.78),
(740, 254, 5, 1, 4722.66),
(741, 255, 22, 2, 4168.08),
(742, 256, 35, 3, 4734.89),
(743, 256, 21, 3, 3845.31),
(744, 256, 46, 3, 3728.83),
(745, 256, 12, 1, 4017.01),
(746, 257, 11, 2, 1852.64),
(747, 257, 44, 3, 396.11),
(748, 257, 43, 1, 1398.26),
(749, 257, 17, 2, 2496.68),
(750, 258, 4, 3, 4759.28),
(751, 258, 45, 3, 3657.43),
(752, 258, 9, 3, 985.19),
(753, 258, 25, 3, 3543.58),
(754, 259, 35, 2, 4734.89),
(755, 259, 40, 3, 857.85),
(756, 260, 2, 2, 4813.68),
(757, 260, 31, 3, 2070.37),
(758, 260, 8, 1, 4173.60),
(759, 261, 15, 2, 723.97),
(760, 262, 42, 1, 3875.18),
(761, 263, 40, 1, 857.85),
(762, 263, 33, 1, 4244.09),
(763, 264, 19, 1, 4707.14),
(764, 264, 29, 2, 4160.45),
(765, 264, 47, 2, 512.46),
(766, 264, 39, 2, 4063.38),
(767, 265, 47, 1, 512.46),
(768, 265, 22, 3, 4168.08),
(769, 266, 17, 3, 2496.68),
(770, 266, 29, 3, 4160.45),
(771, 266, 13, 3, 2112.33),
(772, 266, 22, 1, 4168.08),
(773, 266, 5, 2, 4722.66),
(774, 267, 26, 3, 3502.62),
(775, 267, 35, 1, 4734.89),
(776, 267, 30, 3, 3043.67),
(777, 267, 41, 2, 4523.10),
(778, 268, 7, 2, 4897.36),
(779, 268, 9, 2, 985.19),
(780, 268, 45, 1, 3657.43),
(781, 269, 19, 2, 4707.14),
(782, 270, 20, 3, 4398.66),
(783, 270, 37, 2, 1429.45),
(784, 270, 26, 2, 3502.62),
(785, 270, 9, 3, 985.19),
(786, 270, 45, 1, 3657.43),
(787, 271, 45, 3, 3657.43),
(788, 272, 39, 1, 4063.38),
(789, 272, 45, 2, 3657.43),
(790, 272, 20, 3, 4398.66),
(791, 273, 48, 2, 4180.23),
(792, 273, 23, 2, 2208.99),
(793, 273, 42, 2, 3875.18),
(794, 274, 4, 3, 4759.28),
(795, 274, 28, 2, 2414.93),
(796, 274, 27, 1, 1016.68),
(797, 275, 24, 1, 3437.81),
(798, 275, 42, 2, 3875.18),
(799, 275, 47, 2, 512.46),
(800, 275, 16, 3, 1094.18),
(801, 276, 12, 2, 4017.01),
(802, 276, 15, 2, 723.97),
(803, 276, 16, 1, 1094.18),
(804, 276, 22, 3, 4168.08),
(805, 277, 42, 2, 3875.18),
(806, 277, 10, 2, 4801.78),
(807, 277, 50, 1, 834.75),
(808, 278, 5, 3, 4722.66),
(809, 278, 31, 3, 2070.37),
(810, 278, 37, 3, 1429.45),
(811, 278, 18, 2, 3673.86),
(812, 279, 16, 1, 1094.18),
(813, 279, 33, 2, 4244.09),
(814, 279, 26, 3, 3502.62),
(815, 279, 18, 2, 3673.86),
(816, 280, 13, 3, 2112.33),
(817, 280, 32, 2, 2295.14),
(818, 280, 16, 2, 1094.18),
(819, 280, 50, 3, 834.75),
(820, 281, 6, 3, 177.40),
(821, 281, 48, 2, 4180.23),
(822, 281, 2, 3, 4813.68),
(823, 281, 31, 2, 2070.37),
(824, 281, 35, 3, 4734.89),
(825, 282, 6, 1, 177.40),
(826, 282, 5, 1, 4722.66),
(827, 282, 28, 2, 2414.93),
(828, 282, 22, 3, 4168.08),
(829, 282, 35, 1, 4734.89),
(830, 283, 6, 3, 177.40),
(831, 283, 47, 2, 512.46),
(832, 283, 5, 1, 4722.66),
(833, 283, 15, 1, 723.97),
(834, 283, 17, 3, 2496.68),
(835, 284, 39, 3, 4063.38),
(836, 284, 26, 3, 3502.62),
(837, 284, 18, 1, 3673.86),
(838, 284, 43, 1, 1398.26),
(839, 285, 33, 3, 4244.09),
(840, 285, 43, 3, 1398.26),
(841, 285, 22, 1, 4168.08),
(842, 285, 2, 2, 4813.68),
(843, 286, 25, 1, 3543.58),
(844, 286, 24, 2, 3437.81),
(845, 286, 14, 2, 296.17),
(846, 286, 10, 2, 4801.78),
(847, 286, 13, 3, 2112.33),
(848, 287, 18, 1, 3673.86),
(849, 287, 28, 3, 2414.93),
(850, 287, 21, 1, 3845.31),
(851, 288, 1, 2, 639.43),
(852, 288, 12, 1, 4017.01),
(853, 289, 9, 1, 985.19),
(854, 290, 4, 3, 4759.28),
(855, 290, 40, 1, 857.85),
(856, 291, 45, 3, 3657.43),
(857, 291, 18, 1, 3673.86),
(858, 292, 33, 2, 4244.09),
(859, 292, 16, 1, 1094.18),
(860, 293, 12, 1, 4017.01),
(861, 293, 5, 3, 4722.66),
(862, 294, 41, 2, 4523.10),
(863, 294, 6, 1, 177.40),
(864, 294, 12, 1, 4017.01),
(865, 295, 47, 3, 512.46),
(866, 295, 7, 1, 4897.36),
(867, 295, 18, 3, 3673.86),
(868, 295, 42, 1, 3875.18),
(869, 295, 48, 3, 4180.23),
(870, 296, 33, 1, 4244.09),
(871, 296, 27, 1, 1016.68),
(872, 297, 13, 2, 2112.33),
(873, 297, 46, 3, 3728.83),
(874, 297, 36, 3, 421.73),
(875, 297, 9, 3, 985.19),
(876, 298, 16, 1, 1094.18),
(877, 298, 36, 2, 421.73),
(878, 298, 41, 2, 4523.10),
(879, 298, 17, 3, 2496.68),
(880, 298, 47, 3, 512.46),
(881, 299, 22, 2, 4168.08),
(882, 299, 46, 2, 3728.83),
(883, 299, 19, 2, 4707.14),
(884, 299, 13, 2, 2112.33),
(885, 299, 14, 3, 296.17),
(886, 300, 22, 3, 4168.08),
(887, 300, 18, 3, 3673.86),
(888, 300, 19, 2, 4707.14),
(889, 300, 30, 2, 3043.67),
(890, 300, 32, 1, 2295.14),
(891, 301, 40, 2, 857.85),
(892, 301, 24, 2, 3437.81),
(893, 302, 16, 3, 1094.18),
(894, 303, 41, 2, 4523.10),
(895, 303, 18, 3, 3673.86),
(896, 303, 45, 2, 3657.43),
(897, 303, 31, 2, 2070.37),
(898, 304, 38, 3, 4413.68),
(899, 304, 27, 3, 1016.68),
(900, 305, 10, 3, 4801.78),
(901, 305, 31, 3, 2070.37),
(902, 305, 12, 1, 4017.01),
(903, 306, 11, 1, 1852.64),
(904, 306, 4, 2, 4759.28),
(905, 306, 17, 1, 2496.68),
(906, 306, 50, 1, 834.75),
(907, 307, 18, 1, 3673.86),
(908, 307, 47, 1, 512.46),
(909, 307, 32, 2, 2295.14),
(910, 308, 11, 2, 1852.64),
(911, 308, 8, 3, 4173.60),
(912, 308, 31, 1, 2070.37),
(913, 308, 18, 1, 3673.86),
(914, 308, 2, 3, 4813.68),
(915, 309, 6, 3, 177.40),
(916, 309, 38, 3, 4413.68),
(917, 309, 41, 3, 4523.10),
(918, 309, 24, 3, 3437.81),
(919, 309, 31, 3, 2070.37),
(920, 310, 50, 2, 834.75),
(921, 310, 17, 3, 2496.68),
(922, 310, 41, 1, 4523.10),
(923, 310, 15, 3, 723.97),
(924, 310, 48, 1, 4180.23),
(925, 311, 33, 2, 4244.09),
(926, 312, 28, 3, 2414.93),
(927, 312, 43, 1, 1398.26),
(928, 312, 3, 3, 2529.51),
(929, 313, 4, 2, 4759.28),
(930, 313, 38, 1, 4413.68),
(931, 313, 24, 3, 3437.81),
(932, 314, 44, 1, 396.11),
(933, 314, 37, 1, 1429.45),
(934, 314, 1, 2, 639.43),
(935, 314, 14, 2, 296.17),
(936, 314, 12, 1, 4017.01),
(937, 315, 20, 3, 4398.66),
(938, 315, 5, 3, 4722.66),
(939, 315, 7, 3, 4897.36),
(940, 316, 45, 3, 3657.43),
(941, 316, 18, 1, 3673.86),
(942, 316, 25, 3, 3543.58),
(943, 316, 44, 3, 396.11),
(944, 316, 43, 1, 1398.26),
(945, 317, 27, 2, 1016.68),
(946, 317, 6, 1, 177.40),
(947, 317, 43, 2, 1398.26),
(948, 318, 3, 2, 2529.51),
(949, 318, 38, 2, 4413.68),
(950, 319, 47, 2, 512.46),
(951, 320, 26, 2, 3502.62),
(952, 321, 25, 2, 3543.58),
(953, 321, 13, 2, 2112.33),
(954, 321, 49, 1, 3077.82),
(955, 321, 23, 3, 2208.99),
(956, 321, 40, 3, 857.85),
(957, 322, 25, 1, 3543.58),
(958, 322, 6, 1, 177.40),
(959, 322, 14, 3, 296.17),
(960, 322, 29, 3, 4160.45),
(961, 323, 7, 2, 4897.36),
(962, 323, 44, 1, 396.11),
(963, 323, 31, 2, 2070.37),
(964, 323, 25, 3, 3543.58),
(965, 324, 31, 2, 2070.37),
(966, 324, 25, 1, 3543.58),
(967, 324, 45, 3, 3657.43),
(968, 324, 6, 3, 177.40),
(969, 325, 18, 3, 3673.86),
(970, 325, 46, 1, 3728.83),
(971, 325, 34, 1, 1340.34),
(972, 326, 35, 1, 4734.89),
(973, 326, 36, 1, 421.73),
(974, 326, 23, 3, 2208.99),
(975, 327, 34, 1, 1340.34),
(976, 327, 20, 3, 4398.66),
(977, 327, 24, 3, 3437.81),
(978, 327, 19, 3, 4707.14),
(979, 327, 14, 2, 296.17),
(980, 328, 12, 1, 4017.01),
(981, 329, 3, 2, 2529.51),
(982, 329, 38, 3, 4413.68),
(983, 329, 31, 1, 2070.37),
(984, 329, 41, 2, 4523.10),
(985, 329, 9, 2, 985.19),
(986, 330, 19, 3, 4707.14),
(987, 330, 17, 2, 2496.68),
(988, 330, 48, 3, 4180.23),
(989, 330, 18, 2, 3673.86),
(990, 331, 46, 1, 3728.83),
(991, 332, 43, 3, 1398.26),
(992, 332, 44, 2, 396.11),
(993, 332, 33, 2, 4244.09),
(994, 332, 11, 1, 1852.64),
(995, 332, 29, 2, 4160.45),
(996, 333, 36, 2, 421.73),
(997, 333, 31, 2, 2070.37),
(998, 333, 3, 2, 2529.51),
(999, 333, 38, 3, 4413.68),
(1000, 333, 25, 2, 3543.58),
(1001, 334, 30, 1, 3043.67),
(1002, 334, 9, 3, 985.19),
(1003, 334, 24, 2, 3437.81),
(1004, 334, 49, 2, 3077.82),
(1005, 334, 38, 2, 4413.68),
(1006, 335, 11, 3, 1852.64),
(1007, 335, 49, 2, 3077.82),
(1008, 336, 20, 1, 4398.66),
(1009, 336, 35, 2, 4734.89),
(1010, 337, 28, 1, 2414.93),
(1011, 337, 36, 1, 421.73),
(1012, 337, 37, 1, 1429.45),
(1013, 337, 26, 1, 3502.62),
(1014, 338, 14, 3, 296.17),
(1015, 338, 37, 1, 1429.45),
(1016, 339, 2, 1, 4813.68),
(1017, 339, 21, 2, 3845.31),
(1018, 339, 14, 3, 296.17),
(1019, 339, 32, 3, 2295.14),
(1020, 340, 6, 1, 177.40),
(1021, 341, 16, 3, 1094.18),
(1022, 341, 34, 2, 1340.34),
(1023, 342, 14, 3, 296.17),
(1024, 343, 22, 3, 4168.08),
(1025, 343, 19, 1, 4707.14),
(1026, 343, 25, 1, 3543.58),
(1027, 344, 1, 2, 639.43),
(1028, 344, 37, 3, 1429.45),
(1029, 344, 40, 3, 857.85),
(1030, 344, 32, 1, 2295.14),
(1031, 344, 45, 1, 3657.43),
(1032, 345, 27, 1, 1016.68),
(1033, 345, 42, 2, 3875.18),
(1034, 345, 12, 3, 4017.01),
(1035, 345, 49, 2, 3077.82),
(1036, 345, 24, 1, 3437.81),
(1037, 346, 35, 2, 4734.89),
(1038, 347, 37, 1, 1429.45),
(1039, 348, 2, 1, 4813.68),
(1040, 348, 20, 1, 4398.66),
(1041, 348, 12, 2, 4017.01),
(1042, 348, 22, 1, 4168.08),
(1043, 349, 37, 2, 1429.45),
(1044, 349, 16, 3, 1094.18),
(1045, 349, 20, 2, 4398.66),
(1046, 350, 25, 2, 3543.58),
(1047, 350, 28, 1, 2414.93),
(1048, 350, 9, 2, 985.19),
(1049, 351, 45, 3, 3657.43),
(1050, 351, 39, 1, 4063.38),
(1051, 351, 44, 3, 396.11),
(1052, 351, 3, 2, 2529.51),
(1053, 352, 35, 3, 4734.89),
(1054, 353, 42, 2, 3875.18),
(1055, 353, 37, 1, 1429.45),
(1056, 353, 49, 1, 3077.82),
(1057, 354, 14, 2, 296.17),
(1058, 354, 5, 3, 4722.66),
(1059, 355, 42, 2, 3875.18),
(1060, 355, 48, 3, 4180.23),
(1061, 356, 46, 2, 3728.83),
(1062, 356, 23, 1, 2208.99),
(1063, 356, 1, 3, 639.43),
(1064, 357, 12, 1, 4017.01),
(1065, 357, 27, 2, 1016.68),
(1066, 358, 37, 3, 1429.45),
(1067, 359, 41, 3, 4523.10),
(1068, 360, 30, 1, 3043.67),
(1069, 360, 25, 3, 3543.58),
(1070, 360, 22, 3, 4168.08),
(1071, 360, 18, 1, 3673.86),
(1072, 361, 40, 3, 857.85),
(1073, 362, 26, 1, 3502.62),
(1074, 362, 38, 2, 4413.68),
(1075, 362, 24, 3, 3437.81),
(1076, 362, 7, 1, 4897.36),
(1077, 363, 27, 1, 1016.68),
(1078, 364, 40, 3, 857.85),
(1079, 364, 39, 1, 4063.38),
(1080, 364, 24, 1, 3437.81),
(1081, 364, 22, 2, 4168.08),
(1082, 365, 41, 3, 4523.10),
(1083, 366, 8, 3, 4173.60),
(1084, 366, 15, 3, 723.97),
(1085, 366, 1, 1, 639.43),
(1086, 366, 5, 1, 4722.66),
(1087, 367, 15, 2, 723.97),
(1088, 367, 12, 3, 4017.01),
(1089, 367, 8, 3, 4173.60),
(1090, 367, 26, 2, 3502.62),
(1091, 368, 46, 3, 3728.83),
(1092, 368, 49, 2, 3077.82),
(1093, 368, 7, 1, 4897.36),
(1094, 368, 24, 3, 3437.81),
(1095, 368, 23, 1, 2208.99),
(1096, 369, 24, 3, 3437.81),
(1097, 369, 20, 3, 4398.66),
(1098, 369, 34, 1, 1340.34),
(1099, 369, 32, 2, 2295.14),
(1100, 369, 39, 1, 4063.38),
(1101, 370, 26, 1, 3502.62),
(1102, 370, 5, 1, 4722.66),
(1103, 370, 17, 1, 2496.68),
(1104, 370, 10, 1, 4801.78),
(1105, 370, 18, 2, 3673.86),
(1106, 371, 6, 3, 177.40),
(1107, 372, 28, 3, 2414.93),
(1108, 372, 27, 2, 1016.68),
(1109, 372, 39, 1, 4063.38),
(1110, 372, 26, 1, 3502.62),
(1111, 372, 9, 2, 985.19),
(1112, 373, 20, 2, 4398.66),
(1113, 373, 50, 1, 834.75),
(1114, 373, 21, 2, 3845.31),
(1115, 373, 12, 3, 4017.01),
(1116, 374, 10, 2, 4801.78),
(1117, 374, 47, 3, 512.46),
(1118, 374, 1, 1, 639.43),
(1119, 374, 39, 1, 4063.38),
(1120, 374, 15, 2, 723.97),
(1121, 375, 1, 3, 639.43),
(1122, 375, 17, 2, 2496.68),
(1123, 376, 27, 1, 1016.68),
(1124, 377, 19, 1, 4707.14),
(1125, 377, 47, 1, 512.46),
(1126, 377, 48, 2, 4180.23),
(1127, 378, 30, 1, 3043.67),
(1128, 378, 50, 1, 834.75),
(1129, 378, 43, 1, 1398.26),
(1130, 378, 46, 1, 3728.83),
(1131, 378, 47, 2, 512.46),
(1132, 379, 48, 3, 4180.23),
(1133, 379, 41, 2, 4523.10),
(1134, 380, 50, 2, 834.75),
(1135, 381, 25, 2, 3543.58),
(1136, 382, 16, 2, 1094.18),
(1137, 382, 27, 1, 1016.68),
(1138, 382, 46, 3, 3728.83),
(1139, 382, 14, 3, 296.17),
(1140, 382, 47, 2, 512.46),
(1141, 383, 18, 2, 3673.86),
(1142, 383, 42, 2, 3875.18),
(1143, 383, 27, 3, 1016.68),
(1144, 384, 46, 1, 3728.83),
(1145, 384, 15, 1, 723.97),
(1146, 384, 1, 1, 639.43),
(1147, 384, 31, 2, 2070.37),
(1148, 385, 18, 2, 3673.86),
(1149, 385, 5, 1, 4722.66),
(1150, 385, 45, 3, 3657.43),
(1151, 386, 48, 3, 4180.23),
(1152, 386, 29, 1, 4160.45),
(1153, 386, 41, 2, 4523.10),
(1154, 387, 49, 2, 3077.82),
(1155, 388, 46, 2, 3728.83),
(1156, 388, 13, 3, 2112.33),
(1157, 388, 21, 1, 3845.31),
(1158, 389, 33, 3, 4244.09),
(1159, 389, 17, 2, 2496.68),
(1160, 389, 40, 3, 857.85),
(1161, 390, 43, 3, 1398.26),
(1162, 390, 47, 2, 512.46),
(1163, 390, 11, 3, 1852.64),
(1164, 390, 45, 2, 3657.43),
(1165, 391, 14, 2, 296.17),
(1166, 391, 31, 2, 2070.37),
(1167, 392, 34, 1, 1340.34),
(1168, 392, 9, 3, 985.19),
(1169, 392, 11, 2, 1852.64),
(1170, 392, 29, 2, 4160.45),
(1171, 392, 21, 3, 3845.31),
(1172, 393, 20, 1, 4398.66),
(1173, 393, 24, 2, 3437.81),
(1174, 393, 26, 3, 3502.62),
(1175, 393, 21, 3, 3845.31),
(1176, 393, 46, 3, 3728.83),
(1177, 394, 9, 3, 985.19),
(1178, 394, 3, 3, 2529.51),
(1179, 394, 2, 1, 4813.68),
(1180, 394, 43, 2, 1398.26),
(1181, 395, 28, 3, 2414.93),
(1182, 395, 23, 1, 2208.99),
(1183, 395, 47, 2, 512.46),
(1184, 395, 11, 1, 1852.64),
(1185, 396, 48, 3, 4180.23),
(1186, 396, 5, 3, 4722.66),
(1187, 396, 29, 2, 4160.45),
(1188, 397, 30, 3, 3043.67),
(1189, 397, 34, 2, 1340.34),
(1190, 397, 48, 1, 4180.23),
(1191, 397, 49, 1, 3077.82),
(1192, 397, 42, 2, 3875.18),
(1193, 398, 24, 2, 3437.81),
(1194, 398, 13, 3, 2112.33),
(1195, 399, 35, 3, 4734.89),
(1196, 399, 31, 1, 2070.37),
(1197, 399, 16, 3, 1094.18),
(1198, 400, 47, 3, 512.46),
(1199, 400, 1, 1, 639.43),
(1200, 400, 43, 2, 1398.26),
(1201, 400, 14, 1, 296.17);

-- --------------------------------------------------------

--
-- Table structure for table `payments`
--

CREATE TABLE `payments` (
  `payment_id` int(11) NOT NULL,
  `order_id` int(11) NOT NULL,
  `payment_date` datetime DEFAULT current_timestamp(),
  `amount_paid` decimal(10,2) DEFAULT NULL,
  `method` varchar(20) DEFAULT NULL
) ENGINE=InnoDB DEFAULT CHARSET=utf8mb4 COLLATE=utf8mb4_general_ci;

--
-- Dumping data for table `payments`
--

INSERT INTO `payments` (`payment_id`, `order_id`, `payment_date`, `amount_paid`, `method`) VALUES
(1, 1, '2025-03-02 08:16:11', 9414.28, 'Credit Card'),
(2, 2, '2024-10-09 19:00:21', 532.20, 'Net Banking'),
(3, 3, '2025-05-08 00:55:27', 5164.56, 'Credit Card'),
(4, 4, '2024-09-19 22:28:13', 9469.78, 'UPI'),
(5, 5, '2025-04-08 18:26:06', 14501.86, 'UPI'),
(6, 6, '2024-10-25 08:16:59', 31050.17, 'UPI'),
(7, 7, '2024-07-29 12:45:47', 3043.67, 'UPI'),
(8, 8, '2024-07-30 23:42:49', 32714.06, 'Net Banking'),
(9, 9, '2025-06-10 17:36:25', 24219.20, 'Net Banking'),
(10, 10, '2025-02-16 13:43:59', 24342.52, 'Debit Card'),
(11, 11, '2025-03-11 15:05:46', 16196.13, 'Credit Card'),
(12, 12, '2025-01-15 14:00:53', 9890.72, 'Credit Card'),
(13, 13, '2025-05-12 14:01:29', 9627.36, 'UPI'),
(14, 14, '2024-09-24 22:11:38', 15803.34, 'UPI'),
(15, 15, '2024-07-18 03:45:24', 12421.88, 'UPI'),
(16, 16, '2024-09-09 03:38:40', 22856.73, 'UPI'),
(17, 17, '2024-08-19 21:49:57', 11173.77, 'UPI'),
(18, 18, '2024-06-15 13:45:04', 32001.24, 'Net Banking'),
(19, 19, '2024-07-06 15:43:24', 843.46, 'Net Banking'),
(20, 20, '2024-08-24 04:59:37', 6400.68, 'Debit Card'),
(21, 21, '2025-03-12 19:48:46', 25364.11, 'Debit Card'),
(22, 22, '2025-02-21 12:05:06', 21281.44, 'Credit Card'),
(23, 23, '2025-03-02 15:03:23', 18045.05, 'Debit Card'),
(24, 24, '2024-06-19 07:28:04', 22882.19, 'UPI'),
(25, 25, '2024-07-24 13:17:24', 23749.66, 'UPI'),
(26, 26, '2025-02-16 23:26:49', 35167.92, 'Credit Card'),
(27, 27, '2024-11-22 04:08:09', 2955.57, 'Debit Card'),
(28, 28, '2024-10-19 18:39:48', 639.43, 'Net Banking'),
(29, 29, '2025-02-17 19:02:18', 26308.25, 'Debit Card'),
(30, 30, '2024-10-18 14:13:49', 18628.74, 'Debit Card'),
(31, 31, '2024-12-30 17:36:39', 22651.79, 'Debit Card'),
(32, 32, '2024-10-20 07:18:38', 23536.35, 'Net Banking'),
(33, 33, '2025-04-27 01:53:11', 36147.09, 'Net Banking'),
(34, 34, '2025-05-09 23:05:31', 21148.44, 'Net Banking'),
(35, 35, '2024-11-27 22:52:39', 9469.78, 'UPI'),
(36, 36, '2024-07-08 08:35:18', 34125.89, 'Debit Card'),
(37, 37, '2025-05-10 23:33:42', 639.43, 'Credit Card'),
(38, 38, '2024-07-05 17:25:13', 14681.26, 'Debit Card'),
(39, 39, '2024-10-11 05:53:05', 15439.15, 'UPI'),
(40, 40, '2024-09-11 09:21:47', 24649.49, 'Credit Card'),
(41, 41, '2024-07-04 01:24:14', 723.97, 'UPI'),
(42, 42, '2025-05-25 05:39:38', 21622.22, 'UPI'),
(43, 43, '2024-11-03 08:32:34', 19045.53, 'Credit Card'),
(44, 44, '2024-11-23 19:19:55', 17686.50, 'Net Banking'),
(45, 45, '2024-07-21 11:30:43', 27016.65, 'Credit Card'),
(46, 46, '2025-02-24 14:30:37', 24408.08, 'UPI'),
(47, 47, '2025-03-24 08:43:48', 1016.68, 'Net Banking'),
(48, 48, '2025-02-22 07:51:55', 28719.50, 'Credit Card'),
(49, 49, '2024-11-03 22:49:05', 23353.47, 'Net Banking'),
(50, 50, '2024-09-04 15:43:56', 14204.67, 'Debit Card'),
(51, 51, '2024-07-16 05:49:33', 24811.55, 'Net Banking'),
(52, 52, '2025-01-15 14:18:48', 30529.35, 'UPI'),
(53, 53, '2025-02-20 05:01:10', 7125.00, 'Net Banking'),
(54, 54, '2024-10-15 19:23:22', 7198.10, 'UPI'),
(55, 55, '2024-08-05 05:29:46', 26001.31, 'Credit Card'),
(56, 56, '2024-06-23 16:24:57', 6828.61, 'Credit Card'),
(57, 57, '2025-04-16 09:14:36', 2680.68, 'Debit Card'),
(58, 58, '2024-09-09 04:48:51', 9782.58, 'Debit Card'),
(59, 59, '2025-04-27 05:28:18', 857.85, 'UPI'),
(60, 60, '2025-05-05 22:02:11', 9246.62, 'Credit Card'),
(61, 61, '2024-12-26 23:31:58', 13053.00, 'Net Banking'),
(62, 62, '2025-06-13 23:45:01', 35723.17, 'Credit Card'),
(63, 63, '2025-02-04 02:19:01', 36236.03, 'Net Banking'),
(64, 64, '2024-12-20 11:04:53', 24892.90, 'Credit Card'),
(65, 65, '2025-01-23 11:39:01', 3964.64, 'Net Banking'),
(66, 66, '2024-06-19 10:38:16', 26176.05, 'Net Banking'),
(67, 67, '2025-01-15 02:25:24', 21146.47, 'Debit Card'),
(68, 68, '2025-03-15 07:51:20', 36159.92, 'Credit Card'),
(69, 69, '2024-12-30 00:22:31', 18042.82, 'UPI'),
(70, 70, '2024-11-21 20:00:57', 8827.36, 'Net Banking'),
(71, 71, '2025-05-10 18:19:27', 19189.46, 'UPI'),
(72, 72, '2024-12-07 19:10:02', 4160.45, 'UPI'),
(73, 73, '2024-12-19 16:02:25', 20819.95, 'Credit Card'),
(74, 74, '2024-08-25 13:03:45', 18915.11, 'Net Banking'),
(75, 75, '2024-09-06 19:10:10', 15875.36, 'Debit Card'),
(76, 76, '2025-01-14 23:33:54', 23506.81, 'Credit Card'),
(77, 77, '2024-11-10 06:22:27', 22046.32, 'Net Banking'),
(78, 78, '2025-01-05 14:08:42', 20246.47, 'Debit Card'),
(79, 79, '2025-03-04 00:56:36', 16942.23, 'UPI'),
(80, 80, '2025-03-28 19:38:12', 38656.26, 'Credit Card'),
(81, 81, '2024-08-04 04:21:29', 21158.45, 'Debit Card'),
(82, 82, '2025-04-12 03:35:42', 31627.15, 'Credit Card'),
(83, 83, '2025-06-04 22:07:11', 8745.98, 'UPI'),
(84, 84, '2024-06-20 00:29:28', 19007.10, 'UPI'),
(85, 85, '2024-06-24 23:24:44', 22275.02, 'UPI'),
(86, 86, '2024-07-05 15:46:34', 5157.42, 'Debit Card'),
(87, 87, '2025-03-08 02:48:16', 14479.67, 'Credit Card'),
(88, 88, '2024-07-06 01:02:44', 20399.23, 'Net Banking'),
(89, 89, '2024-09-03 21:27:22', 4398.66, 'UPI'),
(90, 90, '2025-01-19 00:26:59', 1970.38, 'Debit Card'),
(91, 91, '2024-12-07 07:12:51', 27466.27, 'Credit Card'),
(92, 92, '2024-09-26 12:03:58', 834.75, 'Net Banking'),
(93, 93, '2024-08-14 05:24:45', 16683.36, 'UPI'),
(94, 94, '2025-03-05 01:55:51', 19135.47, 'Debit Card'),
(95, 95, '2024-11-09 15:35:43', 18138.80, 'Debit Card'),
(96, 96, '2025-01-10 04:29:48', 1537.38, 'UPI'),
(97, 97, '2024-10-25 13:34:59', 11891.01, 'Debit Card'),
(98, 98, '2024-11-21 20:50:53', 29744.18, 'Debit Card'),
(99, 99, '2024-10-08 13:58:24', 1669.50, 'Debit Card'),
(100, 100, '2024-09-12 19:21:15', 20490.85, 'Net Banking'),
(101, 101, '2024-08-12 20:59:14', 4590.28, 'Credit Card'),
(102, 102, '2025-02-09 12:08:23', 10497.44, 'UPI'),
(103, 103, '2024-07-09 11:28:23', 5005.51, 'Credit Card'),
(104, 104, '2024-11-23 09:58:53', 23699.22, 'Debit Card'),
(105, 105, '2024-08-12 08:02:18', 5489.17, 'Credit Card'),
(106, 106, '2024-07-16 17:30:13', 11486.99, 'Credit Card'),
(107, 107, '2025-02-01 02:56:18', 48042.06, 'Net Banking'),
(108, 108, '2025-02-07 10:14:12', 31063.66, 'Credit Card'),
(109, 109, '2025-03-17 05:16:18', 12190.14, 'UPI'),
(110, 110, '2025-02-21 12:50:01', 19306.22, 'UPI'),
(111, 111, '2024-09-30 11:59:13', 5388.41, 'Net Banking'),
(112, 112, '2024-11-10 23:28:41', 15599.31, 'Credit Card'),
(113, 113, '2024-10-30 03:04:15', 20866.68, 'Credit Card'),
(114, 114, '2025-01-30 16:25:45', 15356.31, 'Net Banking'),
(115, 115, '2025-03-02 18:47:45', 25414.53, 'Debit Card'),
(116, 116, '2025-01-06 17:11:57', 14440.93, 'Net Banking'),
(117, 117, '2025-05-12 18:15:32', 8197.24, 'Net Banking'),
(118, 118, '2025-04-30 13:34:05', 10193.09, 'Credit Card'),
(119, 119, '2024-10-13 04:13:20', 2171.91, 'Debit Card'),
(120, 120, '2024-08-07 10:12:38', 13569.30, 'Net Banking'),
(121, 121, '2024-11-21 17:48:01', 37415.67, 'Debit Card'),
(122, 122, '2025-03-29 09:17:36', 12962.29, 'Debit Card'),
(123, 123, '2024-12-07 17:34:27', 30071.03, 'Net Banking'),
(124, 124, '2025-04-10 14:45:25', 10906.44, 'Credit Card'),
(125, 125, '2025-02-26 17:39:37', 1447.94, 'Net Banking'),
(126, 126, '2024-08-24 03:56:48', 9995.54, 'Credit Card'),
(127, 127, '2025-06-10 18:57:32', 20160.64, 'Debit Card'),
(128, 128, '2025-05-05 17:32:18', 28589.04, 'UPI'),
(129, 129, '2025-06-06 22:10:17', 30752.72, 'Net Banking'),
(130, 130, '2024-09-16 14:43:38', 14554.16, 'Credit Card'),
(131, 131, '2024-10-09 03:17:45', 23329.06, 'UPI'),
(132, 132, '2025-05-22 08:34:17', 13537.48, 'Debit Card'),
(133, 133, '2024-11-20 01:26:46', 37129.82, 'Credit Card'),
(134, 134, '2025-06-09 14:20:27', 15483.53, 'Net Banking'),
(135, 135, '2025-03-11 23:11:23', 8891.79, 'Debit Card'),
(136, 136, '2024-12-31 23:18:48', 6291.38, 'Net Banking'),
(137, 137, '2025-02-09 17:45:40', 5958.51, 'Net Banking'),
(138, 138, '2024-08-09 00:13:26', 15439.86, 'UPI'),
(139, 139, '2025-04-13 20:31:26', 39857.19, 'Credit Card'),
(140, 140, '2024-06-23 21:09:54', 33436.86, 'Net Banking'),
(141, 141, '2024-08-14 00:05:03', 14625.43, 'Debit Card'),
(142, 142, '2024-07-01 00:05:32', 12051.03, 'Credit Card'),
(143, 143, '2025-05-28 10:13:03', 30951.54, 'Debit Card'),
(144, 144, '2024-09-19 10:10:22', 12093.54, 'UPI'),
(145, 145, '2024-08-28 20:54:44', 10387.06, 'UPI'),
(146, 146, '2025-02-18 01:12:49', 19098.17, 'Debit Card'),
(147, 147, '2025-03-11 15:45:24', 22594.47, 'Net Banking'),
(148, 148, '2024-09-26 11:27:57', 34099.39, 'Net Banking'),
(149, 149, '2025-02-18 00:49:01', 12420.50, 'Net Banking'),
(150, 150, '2024-11-27 22:17:09', 22538.79, 'Net Banking'),
(151, 151, '2025-04-06 21:36:39', 13798.34, 'Net Banking'),
(152, 152, '2025-03-08 00:50:14', 7750.36, 'UPI'),
(153, 153, '2024-12-18 12:07:04', 12190.14, 'UPI'),
(154, 154, '2024-08-14 00:17:52', 6138.46, 'Credit Card'),
(155, 155, '2024-08-02 10:21:03', 421.73, 'UPI'),
(156, 156, '2025-04-22 00:50:44', 4734.89, 'Debit Card'),
(157, 157, '2025-02-04 20:38:45', 14441.04, 'Debit Card'),
(158, 158, '2024-09-27 01:22:34', 4021.02, 'Debit Card'),
(159, 159, '2024-07-23 06:21:41', 25595.89, 'UPI'),
(160, 160, '2024-06-20 17:07:08', 28077.66, 'Debit Card'),
(161, 161, '2025-03-07 19:48:09', 10254.61, 'Credit Card'),
(162, 162, '2024-08-17 16:26:25', 1802.74, 'Net Banking'),
(163, 163, '2024-12-23 14:01:43', 6336.99, 'Debit Card'),
(164, 164, '2024-11-02 01:23:02', 25354.04, 'UPI'),
(165, 165, '2025-01-23 00:59:59', 16503.38, 'Credit Card'),
(166, 166, '2025-06-09 06:59:55', 14925.84, 'Credit Card'),
(167, 167, '2025-04-07 14:07:15', 1537.38, 'UPI'),
(168, 168, '2025-01-25 07:21:31', 26688.78, 'Credit Card'),
(169, 169, '2025-02-11 04:37:38', 9426.30, 'Credit Card'),
(170, 170, '2025-04-10 21:17:21', 18568.69, 'Credit Card'),
(171, 171, '2024-10-16 22:42:23', 1278.86, 'Net Banking'),
(172, 172, '2024-09-17 03:47:14', 16661.54, 'Net Banking'),
(173, 173, '2025-06-13 11:43:21', 6875.62, 'UPI'),
(174, 174, '2024-09-30 12:06:38', 35676.00, 'Credit Card'),
(175, 175, '2024-06-21 01:00:44', 15372.41, 'Debit Card'),
(176, 176, '2025-03-15 02:39:25', 1429.45, 'Credit Card'),
(177, 177, '2025-03-21 18:12:33', 18138.37, 'Debit Card'),
(178, 178, '2024-10-25 22:00:11', 23350.80, 'Debit Card'),
(179, 179, '2024-08-05 16:11:32', 16419.52, 'Net Banking'),
(180, 180, '2024-06-21 18:16:54', 2680.68, 'Net Banking'),
(181, 181, '2025-04-17 08:14:14', 4313.18, 'Credit Card'),
(182, 182, '2024-08-16 17:02:37', 6356.42, 'UPI'),
(183, 183, '2024-08-18 08:36:58', 26833.57, 'Debit Card'),
(184, 184, '2025-01-19 02:53:49', 25007.76, 'Net Banking'),
(185, 185, '2025-05-23 21:40:32', 19797.69, 'Credit Card'),
(186, 186, '2024-12-11 02:31:28', 25725.31, 'Credit Card'),
(187, 187, '2024-10-13 02:27:57', 24962.90, 'Net Banking'),
(188, 188, '2024-10-30 16:00:15', 11186.49, 'UPI'),
(189, 189, '2024-12-17 19:17:05', 40872.29, 'UPI'),
(190, 190, '2025-03-23 22:28:30', 4168.08, 'Net Banking'),
(191, 191, '2024-12-29 06:54:30', 3543.58, 'Debit Card'),
(192, 192, '2024-11-18 14:52:50', 26225.28, 'Credit Card'),
(193, 193, '2025-01-15 18:45:40', 23707.29, 'Debit Card'),
(194, 194, '2024-09-23 13:40:00', 296.17, 'UPI'),
(195, 195, '2025-03-05 19:49:15', 857.85, 'Credit Card'),
(196, 196, '2025-02-07 10:53:15', 24096.64, 'UPI'),
(197, 197, '2024-08-21 00:05:44', 10668.23, 'Credit Card'),
(198, 198, '2024-11-11 00:43:56', 36504.68, 'Net Banking'),
(199, 199, '2024-06-18 19:26:34', 4993.36, 'Debit Card'),
(200, 200, '2024-10-14 07:42:13', 19065.76, 'Net Banking'),
(201, 201, '2025-05-21 22:24:39', 21443.02, 'UPI'),
(202, 202, '2024-07-12 09:56:32', 2529.51, 'Debit Card'),
(203, 203, '2024-12-20 17:53:55', 28369.14, 'Net Banking'),
(204, 204, '2025-02-27 09:02:23', 7717.75, 'UPI'),
(205, 205, '2024-08-24 10:45:37', 8126.76, 'Debit Card'),
(206, 206, '2024-08-29 10:18:55', 21372.85, 'Debit Card'),
(207, 207, '2025-02-07 16:08:33', 5394.18, 'Debit Card'),
(208, 208, '2024-06-20 02:26:47', 9469.78, 'Debit Card'),
(209, 209, '2024-10-16 10:37:48', 7690.62, 'Debit Card'),
(210, 210, '2024-10-16 22:40:56', 28853.75, 'Net Banking'),
(211, 211, '2025-05-30 12:07:31', 11186.49, 'Debit Card'),
(212, 212, '2025-04-13 15:12:50', 1188.33, 'Net Banking'),
(213, 213, '2024-09-23 18:30:45', 9046.20, 'Credit Card'),
(214, 214, '2024-08-06 22:44:21', 28031.01, 'Credit Card'),
(215, 215, '2024-10-18 12:56:59', 28056.77, 'UPI'),
(216, 216, '2025-03-22 09:45:31', 28524.05, 'Credit Card'),
(217, 217, '2024-08-31 22:31:41', 31469.34, 'UPI'),
(218, 218, '2024-12-22 22:23:36', 26218.37, 'Credit Card'),
(219, 219, '2024-09-29 23:46:55', 21322.74, 'Net Banking'),
(220, 220, '2024-12-07 08:23:17', 17287.19, 'Debit Card'),
(221, 221, '2024-09-25 06:25:39', 12437.61, 'UPI'),
(222, 222, '2024-09-18 17:27:38', 23628.52, 'Credit Card'),
(223, 223, '2024-11-25 02:09:18', 41020.75, 'Debit Card'),
(224, 224, '2024-12-12 16:32:37', 9000.15, 'Net Banking'),
(225, 225, '2024-10-04 11:43:50', 41885.52, 'UPI'),
(226, 226, '2024-08-29 05:57:36', 4523.10, 'Net Banking'),
(227, 227, '2025-03-28 07:46:04', 18487.65, 'Credit Card'),
(228, 228, '2024-10-14 02:29:47', 14405.34, 'Debit Card'),
(229, 229, '2024-11-22 14:09:31', 21570.92, 'Debit Card'),
(230, 230, '2024-07-25 22:41:17', 22655.32, 'Credit Card'),
(231, 231, '2025-06-06 18:57:21', 27402.85, 'Debit Card'),
(232, 232, '2025-05-02 17:57:21', 9583.84, 'UPI'),
(233, 233, '2024-10-22 05:40:05', 19486.54, 'Net Banking'),
(234, 234, '2024-09-03 02:14:05', 18473.60, 'Net Banking'),
(235, 235, '2024-12-06 14:37:45', 16888.03, 'Debit Card'),
(236, 236, '2025-04-09 06:59:13', 20296.56, 'UPI'),
(237, 237, '2025-01-07 22:53:14', 21819.19, 'Credit Card'),
(238, 238, '2024-07-30 14:23:58', 26142.33, 'Net Banking'),
(239, 239, '2025-05-15 16:08:25', 30576.99, 'Net Banking'),
(240, 240, '2025-01-18 04:32:22', 11267.39, 'Debit Card'),
(241, 241, '2024-12-07 00:13:56', 4180.23, 'Net Banking'),
(242, 242, '2025-03-19 02:32:25', 16976.89, 'Credit Card'),
(243, 243, '2024-12-19 09:32:09', 40510.54, 'Debit Card'),
(244, 244, '2025-03-01 20:39:03', 16733.86, 'Net Banking'),
(245, 245, '2024-07-26 14:13:40', 2496.68, 'Debit Card'),
(246, 246, '2024-09-09 11:20:44', 19441.36, 'Debit Card'),
(247, 247, '2025-03-15 05:21:15', 7916.30, 'Credit Card'),
(248, 248, '2025-06-06 15:16:15', 9829.50, 'Credit Card'),
(249, 249, '2025-03-28 12:56:07', 28575.10, 'Net Banking'),
(250, 250, '2025-04-08 12:41:07', 33000.22, 'Credit Card'),
(251, 251, '2024-10-22 17:49:58', 20263.22, 'Debit Card'),
(252, 252, '2025-05-20 03:40:23', 26734.02, 'Net Banking'),
(253, 253, '2024-12-30 09:57:30', 10872.30, 'UPI'),
(254, 254, '2025-01-25 20:03:44', 9701.84, 'UPI'),
(255, 255, '2025-01-01 12:52:20', 8336.16, 'Net Banking'),
(256, 256, '2025-06-08 16:31:49', 40944.10, 'Debit Card'),
(257, 257, '2024-12-23 15:29:53', 11285.23, 'Credit Card'),
(258, 258, '2025-04-18 06:18:20', 38836.44, 'Debit Card'),
(259, 259, '2025-04-30 17:58:58', 12043.33, 'UPI'),
(260, 260, '2025-01-30 05:44:30', 20012.07, 'UPI'),
(261, 261, '2025-02-11 04:57:55', 1447.94, 'Debit Card'),
(262, 262, '2024-07-27 20:31:08', 3875.18, 'Credit Card'),
(263, 263, '2024-10-05 16:20:15', 5101.94, 'Debit Card'),
(264, 264, '2024-11-10 15:11:30', 22179.72, 'Debit Card'),
(265, 265, '2025-05-31 06:03:36', 13016.70, 'Net Banking'),
(266, 266, '2025-03-21 22:24:00', 39921.78, 'Credit Card'),
(267, 267, '2024-07-03 03:50:59', 33419.96, 'UPI'),
(268, 268, '2024-11-02 13:48:33', 15422.53, 'UPI'),
(269, 269, '2024-12-16 10:56:19', 9414.28, 'Credit Card'),
(270, 270, '2024-09-20 01:27:33', 29673.12, 'Debit Card'),
(271, 271, '2025-01-06 20:58:17', 10972.29, 'UPI'),
(272, 272, '2025-01-11 21:35:37', 24574.22, 'UPI'),
(273, 273, '2025-05-04 07:27:46', 20528.80, 'Debit Card'),
(274, 274, '2024-09-23 01:22:43', 20124.38, 'Debit Card'),
(275, 275, '2024-08-08 16:33:05', 15495.63, 'Net Banking'),
(276, 276, '2025-04-10 02:09:41', 23080.38, 'Debit Card'),
(277, 277, '2025-05-06 23:39:52', 18188.67, 'Net Banking'),
(278, 278, '2025-02-01 21:05:38', 32015.16, 'UPI'),
(279, 279, '2025-02-12 23:49:09', 27437.94, 'UPI'),
(280, 280, '2025-05-08 18:43:24', 15619.88, 'Debit Card'),
(281, 281, '2024-11-08 07:55:55', 41679.11, 'Net Banking'),
(282, 282, '2025-04-19 09:11:19', 26969.05, 'Debit Card'),
(283, 283, '2025-03-22 17:52:20', 14493.79, 'Net Banking'),
(284, 284, '2024-09-18 01:03:56', 27770.12, 'Credit Card'),
(285, 285, '2024-09-19 12:02:07', 30722.49, 'UPI'),
(286, 286, '2025-06-11 08:47:00', 26952.09, 'UPI'),
(287, 287, '2024-09-21 19:12:15', 14763.96, 'Debit Card'),
(288, 288, '2024-12-23 17:06:48', 5295.87, 'UPI'),
(289, 289, '2024-08-22 19:05:11', 985.19, 'Debit Card'),
(290, 290, '2024-11-26 09:34:40', 15135.69, 'Net Banking'),
(291, 291, '2024-12-16 04:26:54', 14646.15, 'Debit Card'),
(292, 292, '2024-11-01 00:07:08', 9582.36, 'Debit Card'),
(293, 293, '2024-07-25 11:04:16', 18184.99, 'UPI'),
(294, 294, '2025-03-17 03:29:03', 13240.61, 'Debit Card'),
(295, 295, '2024-11-29 15:31:45', 33872.19, 'Credit Card'),
(296, 296, '2025-03-10 03:20:53', 5260.77, 'Debit Card'),
(297, 297, '2025-01-06 10:42:18', 19631.91, 'UPI'),
(298, 298, '2025-06-06 05:50:08', 20011.26, 'Net Banking'),
(299, 299, '2025-04-02 21:03:42', 30321.27, 'UPI'),
(300, 300, '2025-05-04 21:27:27', 41322.58, 'Debit Card'),
(301, 301, '2024-07-08 06:31:36', 8591.32, 'Net Banking'),
(302, 302, '2024-11-19 19:20:17', 3282.54, 'Credit Card'),
(303, 303, '2025-05-06 00:15:29', 31523.38, 'Net Banking'),
(304, 304, '2024-09-23 19:29:49', 16291.08, 'Credit Card'),
(305, 305, '2025-01-09 07:50:51', 24633.46, 'Net Banking'),
(306, 306, '2025-03-03 05:29:05', 14702.63, 'Net Banking'),
(307, 307, '2024-07-26 02:27:24', 8776.60, 'Net Banking'),
(308, 308, '2025-06-11 03:45:58', 36411.35, 'Debit Card'),
(309, 309, '2024-09-13 14:19:58', 43867.08, 'Credit Card'),
(310, 310, '2024-10-30 17:14:34', 20034.78, 'Debit Card'),
(311, 311, '2024-11-24 06:34:18', 8488.18, 'Debit Card'),
(312, 312, '2025-04-02 08:41:51', 16231.58, 'Credit Card'),
(313, 313, '2025-06-09 19:41:34', 24245.67, 'Credit Card'),
(314, 314, '2025-03-13 08:59:00', 7713.77, 'UPI'),
(315, 315, '2025-01-27 15:52:27', 42056.04, 'UPI'),
(316, 316, '2024-10-04 14:27:29', 27863.48, 'Credit Card'),
(317, 317, '2024-10-03 16:48:37', 5007.28, 'Debit Card'),
(318, 318, '2025-02-18 22:27:37', 13886.38, 'Credit Card'),
(319, 319, '2025-04-22 19:58:07', 1024.92, 'Net Banking'),
(320, 320, '2025-03-18 17:30:15', 7005.24, 'Credit Card'),
(321, 321, '2025-04-11 12:47:19', 23590.16, 'Credit Card'),
(322, 322, '2024-08-17 11:37:19', 17090.84, 'Net Banking'),
(323, 323, '2025-02-03 02:27:52', 24962.31, 'Net Banking'),
(324, 324, '2025-03-03 02:43:33', 19188.81, 'Debit Card'),
(325, 325, '2024-10-31 09:48:34', 16090.75, 'Net Banking'),
(326, 326, '2024-12-11 04:46:11', 11783.59, 'Debit Card'),
(327, 327, '2025-05-06 00:39:05', 39563.51, 'UPI'),
(328, 328, '2025-01-29 16:25:58', 4017.01, 'Credit Card'),
(329, 329, '2025-03-19 10:48:50', 31387.01, 'UPI'),
(330, 330, '2025-01-10 16:49:45', 39003.19, 'Credit Card'),
(331, 331, '2025-02-24 21:12:51', 3728.83, 'Credit Card'),
(332, 332, '2025-02-24 02:45:37', 23648.72, 'UPI'),
(333, 333, '2024-12-07 07:20:00', 30371.42, 'Debit Card'),
(334, 334, '2025-01-27 05:08:50', 27857.86, 'Net Banking'),
(335, 335, '2024-08-29 06:09:29', 11713.56, 'Net Banking'),
(336, 336, '2025-02-14 18:24:02', 13868.44, 'UPI'),
(337, 337, '2025-03-30 21:31:06', 7768.73, 'UPI'),
(338, 338, '2024-08-14 16:52:13', 2317.96, 'UPI'),
(339, 339, '2025-05-02 11:59:01', 20278.23, 'Debit Card'),
(340, 340, '2025-04-23 05:06:56', 177.40, 'Credit Card'),
(341, 341, '2024-06-25 08:52:02', 5963.22, 'Credit Card'),
(342, 342, '2025-05-04 16:29:55', 888.51, 'Net Banking'),
(343, 343, '2025-04-18 07:28:17', 20754.96, 'Credit Card'),
(344, 344, '2025-05-18 08:20:16', 14093.33, 'Credit Card'),
(345, 345, '2025-01-24 12:21:38', 30411.52, 'Debit Card'),
(346, 346, '2025-03-31 01:02:07', 9469.78, 'Net Banking'),
(347, 347, '2024-09-18 15:21:39', 1429.45, 'Debit Card'),
(348, 348, '2024-12-29 18:48:10', 21414.44, 'Credit Card'),
(349, 349, '2025-03-04 15:20:38', 14938.76, 'Debit Card'),
(350, 350, '2024-11-19 13:34:46', 11472.47, 'Debit Card'),
(351, 351, '2025-03-04 13:19:30', 21283.02, 'Net Banking'),
(352, 352, '2024-07-29 13:50:30', 14204.67, 'UPI'),
(353, 353, '2025-02-27 05:30:19', 12257.63, 'Net Banking'),
(354, 354, '2025-01-16 13:08:16', 14760.32, 'UPI'),
(355, 355, '2025-03-24 21:08:05', 20291.05, 'Debit Card'),
(356, 356, '2025-06-11 14:21:19', 11584.94, 'Net Banking'),
(357, 357, '2024-10-23 11:08:20', 6050.37, 'UPI'),
(358, 358, '2025-01-27 02:31:12', 4288.35, 'UPI'),
(359, 359, '2024-06-30 21:54:49', 13569.30, 'UPI'),
(360, 360, '2025-05-20 13:52:43', 29852.51, 'Credit Card'),
(361, 361, '2024-12-15 03:28:06', 2573.55, 'Debit Card'),
(362, 362, '2024-07-09 15:25:21', 27540.77, 'Debit Card'),
(363, 363, '2024-07-14 13:59:35', 1016.68, 'Debit Card'),
(364, 364, '2024-10-06 00:04:05', 18410.90, 'Credit Card'),
(365, 365, '2024-09-04 11:04:20', 13569.30, 'Debit Card'),
(366, 366, '2024-10-15 16:39:17', 20054.80, 'UPI'),
(367, 367, '2025-04-29 07:32:29', 33025.01, 'UPI'),
(368, 368, '2024-11-13 13:30:48', 34761.91, 'UPI'),
(369, 369, '2024-09-04 02:48:09', 33503.41, 'Debit Card'),
(370, 370, '2025-01-31 05:48:11', 22871.46, 'Debit Card'),
(371, 371, '2025-02-07 10:14:47', 532.20, 'Debit Card'),
(372, 372, '2024-10-10 22:29:16', 18814.53, 'Credit Card'),
(373, 373, '2024-09-11 14:58:08', 29373.72, 'Net Banking'),
(374, 374, '2025-01-30 18:15:50', 17291.69, 'Net Banking'),
(375, 375, '2024-11-15 21:48:07', 6911.65, 'Credit Card'),
(376, 376, '2025-02-09 14:32:03', 1016.68, 'Net Banking'),
(377, 377, '2025-03-14 23:48:23', 13580.06, 'Credit Card'),
(378, 378, '2024-11-26 05:43:45', 10030.43, 'Debit Card'),
(379, 379, '2025-03-22 16:48:58', 21586.89, 'Credit Card'),
(380, 380, '2024-12-25 04:26:27', 1669.50, 'Debit Card'),
(381, 381, '2024-10-20 09:41:26', 7087.16, 'Credit Card'),
(382, 382, '2025-04-08 10:00:19', 16304.96, 'Debit Card'),
(383, 383, '2024-07-05 13:59:29', 18148.12, 'Debit Card'),
(384, 384, '2024-12-26 20:21:34', 9232.97, 'Net Banking'),
(385, 385, '2025-02-28 22:20:55', 23042.67, 'UPI'),
(386, 386, '2024-12-18 12:34:41', 25747.34, 'Debit Card'),
(387, 387, '2024-07-20 12:24:57', 6155.64, 'Net Banking'),
(388, 388, '2025-03-08 01:00:03', 17639.96, 'Debit Card'),
(389, 389, '2025-01-01 08:43:36', 20299.18, 'Net Banking'),
(390, 390, '2025-06-06 16:37:38', 18092.48, 'UPI'),
(391, 391, '2024-12-28 05:55:03', 4733.08, 'Net Banking'),
(392, 392, '2024-11-12 21:31:20', 27858.02, 'Debit Card'),
(393, 393, '2024-12-17 21:51:26', 44504.56, 'Debit Card'),
(394, 394, '2025-06-05 19:34:21', 18154.30, 'Net Banking'),
(395, 395, '2025-02-11 06:37:16', 12331.34, 'Debit Card'),
(396, 396, '2024-07-21 05:27:22', 35029.57, 'UPI'),
(397, 397, '2024-11-10 15:54:55', 26820.10, 'Credit Card'),
(398, 398, '2024-11-07 15:28:53', 13212.61, 'Debit Card'),
(399, 399, '2025-02-08 17:33:16', 19557.58, 'UPI'),
(400, 400, '2024-10-22 18:18:29', 5269.50, 'Credit Card');

-- --------------------------------------------------------

--
-- Table structure for table `products`
--

CREATE TABLE `products` (
  `product_id` int(11) NOT NULL,
  `name` varchar(100) NOT NULL,
  `category` varchar(50) DEFAULT NULL,
  `price` decimal(10,2) NOT NULL,
  `stock_quantity` int(11) DEFAULT 0,
  `added_on` datetime DEFAULT current_timestamp()
) ENGINE=InnoDB DEFAULT CHARSET=utf8mb4 COLLATE=utf8mb4_general_ci;

--
-- Dumping data for table `products`
--

INSERT INTO `products` (`product_id`, `name`, `category`, `price`, `stock_quantity`, `added_on`) VALUES
(1, 'Plant No', 'Home', 639.43, 152, '2024-01-30 06:30:53'),
(2, 'Population Social', 'Clothing', 4813.68, 84, '2025-05-30 10:02:50'),
(3, 'Available Answer', 'Electronics', 2529.51, 101, '2025-04-13 01:11:46'),
(4, 'Any Question', 'Clothing', 4759.28, 179, '2025-06-03 13:34:03'),
(5, 'Natural Network', 'Toys', 4722.66, 75, '2023-11-06 00:47:37'),
(6, 'If Whatever', 'Electronics', 177.40, 64, '2024-12-19 10:37:14'),
(7, 'Response Indeed', 'Clothing', 4897.36, 36, '2025-03-29 02:43:08'),
(8, 'Every Amount', 'Home', 4173.60, 156, '2025-04-30 03:11:10'),
(9, 'Common Study', 'Toys', 985.19, 171, '2023-07-20 13:06:42'),
(10, 'Development System', 'Electronics', 4801.78, 153, '2025-03-12 08:22:57'),
(11, 'Build Her', 'Books', 1852.64, 150, '2024-09-08 01:09:15'),
(12, 'Action Ask', 'Electronics', 4017.01, 19, '2025-02-14 03:38:06'),
(13, 'Full West', 'Books', 2112.33, 172, '2023-09-15 03:13:38'),
(14, 'Listen Development', 'Home', 296.17, 132, '2024-10-12 11:49:26'),
(15, 'Place Low', 'Electronics', 723.97, 46, '2023-07-05 14:36:07'),
(16, 'Special Fact', 'Toys', 1094.18, 15, '2025-03-17 10:42:40'),
(17, 'Everything Plant', 'Books', 2496.68, 120, '2023-10-08 20:11:55'),
(18, 'Some Them', 'Toys', 3673.86, 110, '2024-07-25 00:33:53'),
(19, 'Build High', 'Clothing', 4707.14, 47, '2023-09-01 02:50:01'),
(20, 'Real Source', 'Books', 4398.66, 197, '2025-02-08 10:28:27'),
(21, 'Bed Including', 'Clothing', 3845.31, 92, '2025-01-21 11:52:40'),
(22, 'Move Small', 'Books', 4168.08, 22, '2023-11-12 18:26:30'),
(23, 'Life Series', 'Clothing', 2208.99, 136, '2024-03-09 09:19:13'),
(24, 'Assume Serve', 'Home', 3437.81, 10, '2024-07-10 05:05:17'),
(25, 'South Free', 'Clothing', 3543.58, 44, '2023-07-25 04:13:43'),
(26, 'Movement Future', 'Electronics', 3502.62, 79, '2024-01-23 08:39:07'),
(27, 'Answer But', 'Home', 1016.68, 90, '2025-04-06 21:54:11'),
(28, 'East Foot', 'Toys', 2414.93, 128, '2025-05-11 16:02:29'),
(29, 'Drop Remember', 'Electronics', 4160.45, 89, '2023-12-15 12:31:11'),
(30, 'Future Sort', 'Home', 3043.67, 100, '2025-05-17 06:55:28'),
(31, 'Series Page', 'Electronics', 2070.37, 83, '2024-04-01 00:24:06'),
(32, 'Factor Where', 'Clothing', 2295.14, 167, '2023-07-07 00:59:39'),
(33, 'Involve Officer', 'Clothing', 4244.09, 112, '2024-03-22 11:36:17'),
(34, 'Despite Win', 'Electronics', 1340.34, 64, '2024-11-27 06:55:45'),
(35, 'Fire Often', 'Electronics', 4734.89, 198, '2023-10-22 04:15:51'),
(36, 'Television Stock', 'Clothing', 421.73, 115, '2024-04-23 23:54:15'),
(37, 'Between Up', 'Toys', 1429.45, 61, '2025-01-27 01:30:37'),
(38, 'Study Total', 'Toys', 4413.68, 31, '2023-11-08 08:25:07'),
(39, 'Data Add', 'Books', 4063.38, 62, '2025-05-26 23:39:16'),
(40, 'Toward Minute', 'Clothing', 857.85, 136, '2025-04-04 07:04:21'),
(41, 'Serious Recognize', 'Electronics', 4523.10, 112, '2023-08-20 06:16:55'),
(42, 'Weight Enter', 'Clothing', 3875.18, 60, '2024-01-26 08:21:55'),
(43, 'Least Green', 'Toys', 1398.26, 81, '2024-04-10 15:23:33'),
(44, 'Actually Term', 'Electronics', 396.11, 85, '2023-11-02 13:09:20'),
(45, 'Suffer We', 'Electronics', 3657.43, 113, '2024-07-25 12:40:57'),
(46, 'Age Treatment', 'Home', 3728.83, 160, '2023-12-01 10:51:52'),
(47, 'Southern Thing', 'Electronics', 512.46, 40, '2024-02-28 17:57:38'),
(48, 'Group But', 'Clothing', 4180.23, 141, '2023-11-29 01:38:12'),
(49, 'Rest Something', 'Books', 3077.82, 181, '2023-08-09 03:42:42'),
(50, 'Stock Article', 'Home', 834.75, 131, '2024-11-27 15:58:32');

-- --------------------------------------------------------

--
-- Table structure for table `product_reviews`
--

CREATE TABLE `product_reviews` (
  `review_id` int(11) NOT NULL,
  `product_id` int(11) NOT NULL,
  `customer_id` int(11) NOT NULL,
  `rating` int(11) DEFAULT NULL CHECK (`rating` between 1 and 5),
  `review_text` text DEFAULT NULL,
  `review_date` datetime DEFAULT current_timestamp()
) ENGINE=InnoDB DEFAULT CHARSET=utf8mb4 COLLATE=utf8mb4_general_ci;

--
-- Dumping data for table `product_reviews`
--

INSERT INTO `product_reviews` (`review_id`, `product_id`, `customer_id`, `rating`, `review_text`, `review_date`) VALUES
(1, 1, 21, 2, 'Great product, loved it!', '2024-11-07 02:40:51'),
(2, 9, 27, 4, 'Product arrived damaged, had to return.', '2025-06-08 02:40:51'),
(3, 42, 21, 5, 'Very fast delivery, happy with the purchase.', '2024-10-01 02:40:51'),
(4, 13, 28, 2, 'Average quality, but acceptable.', '2024-12-23 02:40:51'),
(5, 45, 9, 4, 'Good value for money.', '2024-10-07 02:40:51'),
(6, 47, 30, 5, 'Product arrived damaged, had to return.', '2024-07-06 02:40:51'),
(7, 6, 25, 4, 'Product arrived damaged, had to return.', '2024-11-10 02:40:51'),
(8, 27, 29, 5, 'Great product, loved it!', '2024-08-02 02:40:51'),
(9, 5, 13, 1, 'Average quality, but acceptable.', '2024-11-09 02:40:51'),
(10, 49, 23, 3, 'Product arrived damaged, had to return.', '2025-05-19 02:40:51'),
(11, 6, 10, 3, 'Good value for money.', '2025-03-29 02:40:51'),
(12, 31, 22, 5, 'Good value for money.', '2024-08-20 02:40:51'),
(13, 49, 14, 4, 'Good value for money.', '2024-08-28 02:40:51'),
(14, 4, 17, 2, 'Didn\'t meet expectations.', '2024-06-21 02:40:51'),
(15, 30, 13, 4, 'Would definitely recommend.', '2024-10-26 02:40:51'),
(16, 14, 1, 2, 'Not worth the price.', '2025-02-14 02:40:51'),
(17, 33, 26, 2, 'Excellent build quality!', '2025-05-05 02:40:51'),
(18, 50, 15, 1, 'Didn\'t meet expectations.', '2025-04-11 02:40:51'),
(19, 11, 22, 1, 'Great product, loved it!', '2025-06-08 02:40:51'),
(20, 44, 25, 5, 'Exactly as described, works well.', '2025-03-27 02:40:51'),
(21, 1, 1, 5, 'Great product, loved it!', '2024-09-15 02:40:51'),
(22, 25, 10, 5, 'Product arrived damaged, had to return.', '2025-06-01 02:40:51'),
(23, 21, 2, 1, 'Average quality, but acceptable.', '2024-10-24 02:40:51'),
(24, 18, 7, 3, 'Exactly as described, works well.', '2024-11-24 02:40:51'),
(25, 12, 27, 5, 'Exactly as described, works well.', '2025-05-27 02:40:51'),
(26, 4, 4, 5, 'Product arrived damaged, had to return.', '2024-06-29 02:40:51'),
(27, 11, 23, 3, 'Average quality, but acceptable.', '2025-02-13 02:40:51'),
(28, 7, 11, 4, 'Very fast delivery, happy with the purchase.', '2025-04-28 02:40:51'),
(29, 39, 15, 4, 'Good value for money.', '2024-11-10 02:40:51'),
(30, 5, 19, 4, 'Exactly as described, works well.', '2024-11-30 02:40:51'),
(31, 37, 22, 1, 'Excellent build quality!', '2025-03-24 02:40:51'),
(32, 42, 17, 5, 'Great product, loved it!', '2025-06-07 02:40:51'),
(33, 6, 22, 3, 'Would definitely recommend.', '2024-12-27 02:40:51'),
(34, 29, 28, 1, 'Very fast delivery, happy with the purchase.', '2024-08-11 02:40:51'),
(35, 42, 21, 4, 'Product arrived damaged, had to return.', '2025-04-07 02:40:51'),
(36, 17, 13, 3, 'Average quality, but acceptable.', '2024-11-27 02:40:51'),
(37, 1, 17, 5, 'Would definitely recommend.', '2025-01-31 02:40:51'),
(38, 2, 29, 4, 'Very fast delivery, happy with the purchase.', '2025-06-05 02:40:51'),
(39, 21, 15, 1, 'Exactly as described, works well.', '2025-06-09 02:40:51'),
(40, 31, 19, 1, 'Didn\'t meet expectations.', '2024-09-02 02:40:51'),
(41, 8, 6, 5, 'Great product, loved it!', '2025-05-23 02:40:51'),
(42, 49, 1, 2, 'Would definitely recommend.', '2024-09-21 02:40:51'),
(43, 13, 1, 3, 'Would definitely recommend.', '2025-01-24 02:40:51'),
(44, 12, 6, 5, 'Great product, loved it!', '2025-02-14 02:40:51'),
(45, 26, 17, 2, 'Didn\'t meet expectations.', '2024-10-11 02:40:51'),
(46, 18, 29, 4, 'Good value for money.', '2025-03-07 02:40:51'),
(47, 32, 22, 5, 'Product arrived damaged, had to return.', '2025-03-07 02:40:51'),
(48, 43, 20, 1, 'Excellent build quality!', '2024-06-30 02:40:51'),
(49, 10, 13, 5, 'Good value for money.', '2024-12-20 02:40:51'),
(50, 38, 27, 2, 'Excellent build quality!', '2025-04-26 02:40:51');

--
-- Indexes for dumped tables
--

--
-- Indexes for table `customers`
--
ALTER TABLE `customers`
  ADD PRIMARY KEY (`customer_id`),
  ADD UNIQUE KEY `email` (`email`);

--
-- Indexes for table `orders`
--
ALTER TABLE `orders`
  ADD PRIMARY KEY (`order_id`),
  ADD KEY `fk_orders_customer` (`customer_id`);

--
-- Indexes for table `order_items`
--
ALTER TABLE `order_items`
  ADD PRIMARY KEY (`order_item_id`),
  ADD KEY `fk_orderitems_order` (`order_id`),
  ADD KEY `fk_orderitems_product` (`product_id`);

--
-- Indexes for table `payments`
--
ALTER TABLE `payments`
  ADD PRIMARY KEY (`payment_id`),
  ADD KEY `fk_payments_order` (`order_id`);

--
-- Indexes for table `products`
--
ALTER TABLE `products`
  ADD PRIMARY KEY (`product_id`);

--
-- Indexes for table `product_reviews`
--
ALTER TABLE `product_reviews`
  ADD PRIMARY KEY (`review_id`),
  ADD KEY `fk_reviews_product` (`product_id`),
  ADD KEY `fk_reviews_customer` (`customer_id`);

--
-- AUTO_INCREMENT for dumped tables
--

--
-- AUTO_INCREMENT for table `customers`
--
ALTER TABLE `customers`
  MODIFY `customer_id` int(11) NOT NULL AUTO_INCREMENT, AUTO_INCREMENT=31;

--
-- AUTO_INCREMENT for table `orders`
--
ALTER TABLE `orders`
  MODIFY `order_id` int(11) NOT NULL AUTO_INCREMENT, AUTO_INCREMENT=401;

--
-- AUTO_INCREMENT for table `order_items`
--
ALTER TABLE `order_items`
  MODIFY `order_item_id` int(11) NOT NULL AUTO_INCREMENT, AUTO_INCREMENT=1202;

--
-- AUTO_INCREMENT for table `payments`
--
ALTER TABLE `payments`
  MODIFY `payment_id` int(11) NOT NULL AUTO_INCREMENT, AUTO_INCREMENT=401;

--
-- AUTO_INCREMENT for table `products`
--
ALTER TABLE `products`
  MODIFY `product_id` int(11) NOT NULL AUTO_INCREMENT, AUTO_INCREMENT=51;

--
-- AUTO_INCREMENT for table `product_reviews`
--
ALTER TABLE `product_reviews`
  MODIFY `review_id` int(11) NOT NULL AUTO_INCREMENT, AUTO_INCREMENT=51;

--
-- Constraints for dumped tables
--

--
-- Constraints for table `orders`
--
ALTER TABLE `orders`
  ADD CONSTRAINT `fk_orders_customer` FOREIGN KEY (`customer_id`) REFERENCES `customers` (`customer_id`) ON DELETE CASCADE ON UPDATE CASCADE;

--
-- Constraints for table `order_items`
--
ALTER TABLE `order_items`
  ADD CONSTRAINT `fk_orderitems_order` FOREIGN KEY (`order_id`) REFERENCES `orders` (`order_id`) ON DELETE CASCADE ON UPDATE CASCADE,
  ADD CONSTRAINT `fk_orderitems_product` FOREIGN KEY (`product_id`) REFERENCES `products` (`product_id`) ON DELETE CASCADE ON UPDATE CASCADE;

--
-- Constraints for table `payments`
--
ALTER TABLE `payments`
  ADD CONSTRAINT `fk_payments_order` FOREIGN KEY (`order_id`) REFERENCES `orders` (`order_id`) ON DELETE CASCADE ON UPDATE CASCADE;

--
-- Constraints for table `product_reviews`
--
ALTER TABLE `product_reviews`
  ADD CONSTRAINT `fk_reviews_customer` FOREIGN KEY (`customer_id`) REFERENCES `customers` (`customer_id`) ON DELETE CASCADE ON UPDATE CASCADE,
  ADD CONSTRAINT `fk_reviews_product` FOREIGN KEY (`product_id`) REFERENCES `products` (`product_id`) ON DELETE CASCADE ON UPDATE CASCADE;
COMMIT;

/*!40101 SET CHARACTER_SET_CLIENT=@OLD_CHARACTER_SET_CLIENT */;
/*!40101 SET CHARACTER_SET_RESULTS=@OLD_CHARACTER_SET_RESULTS */;
/*!40101 SET COLLATION_CONNECTION=@OLD_COLLATION_CONNECTION */;
